id,domain,status,purchase_price,renewal_price,attractiveness,demand,length,registrar,created_at,expires_at,status_verified_at
089087a1-e691-4c0d-9ed5-786ac032e5a4,squeezable.mom,available,1.8,45.98,medium,low,10,namecheap,,,10/09/2026 17:41
54230d9e-4688-483c-8e59-6fc663b37ee1,hoyt.mom,available,1.8,45.98,medium,low,4,namecheap,,,28/09/2026 08:07
dc5e0247-e619-449e-bac7-349c8e3c6bf0,phase.mom,premium,672.95,672.95,high,low,5,spaceship,,,30/09/2026 06:41
f6cd4515-8eaf-447b-a8de-50482bc03bfd,disjoint.mom,available,1.8,45.98,medium,low,8,namecheap,,,14/08/2026 11:09
5e8a6195-4802-4844-9ff9-c4f31c806f32,almaty.mom,available,1.99,51.99,medium,low,6,name.com,,,18/09/2026 12:22
f589ac98-4838-49e5-b60c-1941506ec48d,quantum.mom,resell,,,high,medium,7,,,,28/09/2026 15:10
c45d22ac-bc91-499a-9469-7a944b65f7ea,rudolph.mom,available,1.99,27.99,high,low,7,namesilo,,,25/09/2026 14:11
780f8756-b112-4be0-9632-908648c5aecd,benzyl.mom,available,1.99,27.99,high,low,6,namesilo,,,23/09/2026 09:03
d85fd5d6-d26b-4646-a7a7-a3ecfaa9c56f,disordered.mom,available,1.8,45.98,medium,low,10,namecheap,,,14/08/2026 11:18
f1540649-cafd-44a7-a1cf-849657dba02f,playful.mom,resell,,,high,low,7,"Spaceship, Inc.",27/08/2026 15:45,27/08/2027 23:59,26/09/2026 08:12
da603b6c-38ef-4aaa-bf7c-c52c1f848dbd,barnburner.mom,available,1.99,27.99,medium,low,10,namesilo,,,22/09/2026 06:49
01a6a06e-a85f-4e3e-912d-36499ab0fc6b,yokelish.mom,available,1.8,45.98,medium,medium,8,namecheap,,,10/08/2026 22:23
11f1018f-f4a1-4d5a-898b-b3e8d660a8e3,telescopic.mom,available,1.8,45.98,medium,low,10,namecheap,,,11/09/2026 10:24
eeb7a88a-404c-4f28-9f28-6d3b10a41363,garlic.mom,available,1.24,26,high,low,6,spaceship,,,28/09/2026 19:27
72a85346-e549-4489-a116-b406dc1cfdfd,ascribe.mom,available,1.8,45.98,high,low,7,namecheap,,,21/09/2026 02:19
91f07b73-f5b3-463a-837f-1089bd0a743b,rac.mom,available,1.99,27.99,high,low,3,namesilo,,,30/09/2026 04:10
d703a9d8-53b2-4f6c-b3b1-6ff8b51d0aab,uncouth.mom,available,1.8,45.98,high,medium,7,namecheap,,,09/09/2026 18:58
c8d18f72-e0c7-4580-8eec-af9e045a7f0a,diligence.mom,available,1.99,27.99,high,low,9,namesilo,,,29/09/2026 14:59
ac7d914e-37b9-4b58-9ce3-a649054cd40c,himself.mom,available,1.99,27.99,medium,low,7,namesilo,,,01/10/2026 11:26
186db76e-474b-4f8b-bd9a-ffc426969730,shopsoiled.mom,available,1.8,45.98,high,medium,10,namecheap,,,10/09/2026 06:45
6ea8f55b-7c1c-4d37-92ed-13419096458d,chung.mom,premium,672.95,672.95,medium,low,5,spaceship,,,28/09/2026 16:45
8361da67-8b98-4be9-837f-f41319f5a33b,crappy.mom,available,1.8,45.98,medium,low,6,namecheap,,,13/08/2026 05:12
8fe7d0e8-94ee-4795-91f9-1ac456fcf47f,storytellers.mom,available,1.99,27.99,high,low,12,namesilo,,,20/09/2026 12:55
c10c156c-87cf-430a-bbbf-f00d044285ce,plumb.mom,available,1.8,45.98,high,low,5,namecheap,,,12/08/2026 10:05
7002dde1-2e50-41bc-a9a8-08112822a02e,coloring.mom,available,1.8,45.98,high,low,8,namecheap,,,12/08/2026 17:31
55920696-b702-49ab-a07c-f1d96a518122,blueberries.mom,available,1.99,27.99,high,low,11,namesilo,,,17/09/2026 17:28
f2b5556b-7e63-4663-81e0-43774e119041,moravia.mom,available,1.24,26,medium,low,7,spaceship,,,28/09/2026 19:54
b604135e-4d76-4e04-975c-f1592b99a228,squarish.mom,available,1.8,45.98,medium,low,8,namecheap,,,10/09/2026 17:29
aa36fbca-6b22-4af0-8b5d-226092312c04,jainism.mom,available,1.24,26,medium,low,7,spaceship,,,02/10/2026 05:27
10f8642a-75f5-4434-95f4-db28483124b7,scriabin.mom,available,1.99,27.99,high,low,8,namesilo,,,18/09/2026 05:07
67238620-5d37-470a-9b5c-8a5ecedfdf4c,testis.mom,available,1.99,27.99,medium,low,6,namesilo,,,21/09/2026 22:59
04c0ee3d-de3d-4fac-9a22-0d6a272aa5fe,plebeian.mom,available,1.8,45.98,medium,low,8,namecheap,,,08/09/2026 21:00
2817d059-16a9-4b2b-adce-c998fd856d01,cooks.mom,available,1.99,27.99,medium,low,5,namesilo,,,29/09/2026 04:38
b654b3f7-e9f8-4f50-9ee1-ae6502aca20d,ithaca.mom,available,1.99,27.99,high,low,6,namesilo,,,27/09/2026 14:23
6ef56660-0089-4297-a2c5-b902d2f5db1e,disrupted.mom,available,1.8,45.98,medium,low,9,namecheap,,,14/08/2026 12:19
a1093188-223d-4860-8459-8f5e5b045869,plosive.mom,available,1.8,45.98,medium,low,7,namecheap,,,04/09/2026 00:16
b8aea29e-c188-4a13-8ad4-8fe9d4008470,grapefruit.mom,available,1.99,27.99,high,low,10,namesilo,,,24/09/2026 15:09
4274ff28-91aa-4881-a56c-0656f0b1de01,angiology.mom,available,1.99,27.99,medium,low,9,namesilo,,,19/09/2026 06:13
40da50d4-0f8c-46c1-bf47-36cec06c5403,ealing.mom,available,1.8,45.98,medium,low,6,namecheap,,,30/09/2026 21:24
e31ce7e2-2bd3-4d6c-96d7-813ded0b1713,stroller.mom,available,1.8,45.98,high,low,8,namecheap,,,18/09/2026 17:04
1a87815c-d9d4-4767-bbaa-eaed8859c129,sympatric.mom,available,1.8,45.98,medium,low,9,namecheap,,,11/09/2026 06:05
428fd6a2-9944-46a9-91d3-31e33d5bc89d,samarium.mom,available,1.8,45.98,medium,low,8,namecheap,,,20/09/2026 23:24
9c369dd3-a257-4791-8c95-2c81c5f30f64,armament.mom,available,1.8,45.98,medium,low,8,namecheap,,,20/09/2026 06:31
79eb320e-f813-44c2-92b9-47133e541edc,slump.mom,available,1.99,27.99,medium,low,5,namesilo,,,30/09/2026 09:25
b07a4350-32fa-40ba-841b-d0f71c4b8102,derek.mom,available,1.99,27.99,high,low,5,namesilo,,,25/09/2026 14:10
3e7b0d1d-a6aa-4061-9e0e-f38de090b192,balance.mom,premium,832,832,high,low,7,namesilo,,,27/09/2026 12:05
5af8931c-0a9c-4bf9-9ff1-801113806edf,ailanthus.mom,available,1.8,45.98,medium,low,9,namecheap,,,17/09/2026 21:07
b9f549f5-fdb3-4115-b47a-f1d604e2a810,formulate.mom,available,1.99,27.99,high,low,9,namesilo,,,30/09/2026 16:59
9b65db66-ac1a-42e3-9b8f-9d677fa0b066,blackwood.mom,available,1.8,45.98,medium,low,9,namecheap,,,24/09/2026 03:25
b8c78f92-4ad0-40e0-b360-c877dc3726fd,burnham.mom,available,1.8,45.98,medium,low,7,namecheap,,,27/09/2026 03:24
c878d5e3-5c27-4396-b29f-ec8478d8bdd3,myself.mom,available,1.8,45.98,high,low,6,namecheap,,,25/09/2026 12:53
0a893d0c-29b1-48a4-9560-178ab8446e98,clique.mom,available,1.99,27.99,high,low,6,namesilo,,,24/09/2026 15:47
14e78bd5-2fa0-4a5c-aab4-6ad131f7962d,continual.mom,available,1.99,27.99,high,low,9,namesilo,,,23/09/2026 22:10
037d03bf-bf05-4573-aa82-8f6bf17e2206,higgs.mom,available,1.24,26,high,low,5,spaceship,,,29/09/2026 14:20
70adcece-bc1d-41ac-9e10-b39c2e5fbcfd,quantities.mom,available,1.99,,low,low,10,name.com,,,
aa8e5b94-7a60-4814-a0df-ea233b8b4299,slower.mom,available,1.8,45.98,high,low,6,namecheap,,,16/09/2026 02:42
ddd7ea3d-82e6-49e2-9447-dd65c0c9bad1,alcoholism.mom,available,1.99,27.99,medium,low,10,namesilo,,,18/09/2026 04:06
5d6be787-73f6-4ff6-b382-372172f9b3ce,ferrell.mom,available,1.99,26.97,medium,low,7,dynadot,,,30/09/2026 13:47
60a4daa2-ef5a-4110-b850-a543cce2e41b,enormous.mom,available,1.8,45.98,high,low,8,namecheap,,,17/08/2026 09:42
eee37dfd-6d9d-443d-b2a9-69bfecc94990,seljuk.mom,available,1.8,45.98,medium,low,6,namecheap,,,10/09/2026 02:15
11e3f32c-6285-46ac-b3ac-07aa4e2109e1,undulate.mom,available,1.8,45.98,medium,low,8,namecheap,,,12/09/2026 08:33
a291bffa-ebb6-43c2-8eaf-fb11d0ac0c9b,approaching.mom,available,1.99,27.99,high,low,11,namesilo,,,25/09/2026 11:21
612c85f3-c9f7-4d23-a3f3-943af8473896,ballade.mom,available,1.99,27.99,medium,low,7,namesilo,,,21/09/2026 22:41
fac38d23-2270-4e1a-82c8-a29be19e3481,taurine.mom,available,1.8,45.98,medium,low,7,namecheap,,,11/09/2026 09:15
49135c73-14de-4436-8873-af33f5978c5d,arouse.mom,available,1.8,45.98,high,low,6,namecheap,,,07/08/2026 23:59
f53ff0f7-2f9f-495c-94ab-bf582bb33360,merger.mom,available,1.99,26.97,high,low,6,dynadot,,,28/09/2026 20:49
31a204d6-c346-496d-b318-726261022d5c,overweight.mom,available,1.8,45.98,high,low,10,namecheap,,,18/08/2026 08:04
a78c4ca6-2089-41e3-a184-e443f78f94a6,modernizing.mom,available,1.8,45.98,high,low,11,namecheap,,,29/09/2026 14:57
6b9a19f4-6029-4b24-bdf2-f34f3170ac21,twit.mom,available,1.8,45.98,medium,low,4,namecheap,,,11/09/2026 09:11
74c539b6-e2f5-4bbd-93a1-f3f7b0683942,leasing.mom,premium,832,832,high,low,7,namesilo,,,01/10/2026 23:15
f5d72833-3cb2-4055-a656-0180f1be2ed4,torrid.mom,available,1.8,45.98,medium,low,6,namecheap,,,06/08/2026 16:35
4caa5146-f9e1-4fef-b3bf-978cdb41059f,appetiser.mom,available,1.8,45.98,medium,low,9,namecheap,,,19/09/2026 20:48
1784e1ea-9a63-4cb2-834c-1e567a36a6a3,gannon.mom,available,1.24,26,medium,low,6,spaceship,,,30/09/2026 13:54
b72cfd08-7962-4e4c-ab16-4d6c24a061cf,gangsters.mom,available,1.24,26,low,low,9,spaceship,,,01/10/2026 18:01
c2fca08c-f0cc-4543-b671-76b7a0137d6f,heidegger.mom,available,1.8,45.98,medium,low,9,namecheap,,,28/09/2026 19:25
baf1c8c4-d996-467f-8225-f67d965b3083,hagerstown.mom,available,1.99,26.97,medium,low,10,dynadot,,,29/09/2026 19:06
68f557d2-ae6f-415b-a1aa-1aaa46d6619f,majors.mom,available,1.99,27.99,high,low,6,namesilo,,,23/09/2026 14:46
c709cdbd-20e5-4198-8b98-dc48170cc7e9,typic.mom,available,1.8,45.98,medium,low,5,namecheap,,,11/09/2026 22:29
0b333d75-80f3-4cd8-8a85-cfb16a63a3c8,edo.mom,available,1.24,26,high,low,3,spaceship,,,28/09/2026 01:23
98320b1f-8c8c-4f7c-a338-1ea034ef77f5,thirdly.mom,available,1.8,45.98,medium,low,7,namecheap,,,11/09/2026 13:39
6e2097f5-ad6a-40e4-88c9-b30b362fa63b,autologous.mom,available,1.8,45.98,medium,low,10,namecheap,,,07/08/2026 20:37
aec4d6a5-6629-4897-845a-37ee442d36b4,cpa.mom,available,1.99,27.99,high,low,3,namesilo,,,28/09/2026 05:25
deea9be8-7277-4dd4-9f3c-a18fc3c051bc,inky.mom,available,1.8,45.98,medium,low,4,namecheap,,,22/08/2026 05:42
0ac3b9c9-747f-4935-8c1f-5d18e02207c4,cleanse.mom,premium,715,715,high,low,7,dynadot,,,01/10/2026 22:10
aa384f2b-520d-4210-ba6b-22ea1bfc8e52,duplicate.mom,available,1.99,27.99,high,low,9,namesilo,,,24/09/2026 11:48
023418d2-aff1-4452-9490-d0eae7d93ace,rattled.mom,available,1.8,45.98,medium,low,7,namecheap,,,18/08/2026 09:33
c98a77c1-a682-4a0f-adde-610ac38a6579,resolutely.mom,available,1.8,45.98,medium,low,10,namecheap,,,14/09/2026 11:12
65f2e019-9320-44d0-80b2-dcacb737cd34,strangely.mom,available,1.8,45.98,medium,low,9,namecheap,,,14/09/2026 20:38
d62126c7-6a49-454d-99b2-692519135b67,apposite.mom,available,1.8,45.98,medium,low,8,namecheap,,,06/08/2026 07:53
62eee0c3-5701-49c2-a45e-edc9e8720871,immunized.mom,available,1.8,45.98,medium,low,9,namecheap,,,21/08/2026 21:30
34cfe367-efbf-4ef0-81f9-c7cc123d93f4,yields.mom,available,1.24,26,medium,low,6,spaceship,,,01/10/2026 17:44
10bab8e4-ade7-4a5c-87d1-f5527af81c10,bumped.mom,available,1.54,26.26,medium,low,6,porkbun,,,29/09/2026 21:29
355652f0-7b2e-4796-b24a-d1140f79b190,blessing.mom,available,1.8,45.98,high,low,8,namecheap,,,06/08/2026 09:29
dc4a7a80-2fae-4d4a-b7e0-99eba100f3d5,unbounded.mom,available,1.8,45.98,high,medium,9,namecheap,,,10/08/2026 22:34
43fae45d-e0cc-430a-933c-dc904e2205ec,aesthete.mom,available,1.8,45.98,medium,low,8,namecheap,,,17/09/2026 13:35
a83d96e5-d271-4b8b-ba13-84000a87809a,alike.mom,available,1.8,45.98,high,low,5,namecheap,,,21/09/2026 23:59
f6d119f8-7f2c-4f92-82b5-17f01465f88b,iona.mom,available,1.24,26,high,low,4,spaceship,,,29/09/2026 22:09
223f3cd2-ffb8-45bc-8b0a-bd5e3d704225,malden.mom,available,1.24,26,medium,low,6,spaceship,,,29/09/2026 15:07
49057cbe-dfcf-4927-b8c8-eb1947045ebb,tallest.mom,available,1.99,27.99,medium,low,7,namesilo,,,01/10/2026 17:37
b288dd3d-e018-4352-a653-5aa273114edf,bering.mom,available,1.99,27.99,high,low,6,namesilo,,,23/09/2026 04:03
1ebb8944-bba0-4919-bf1c-99863c1c2b3a,arachnoid.mom,available,1.8,45.98,medium,low,9,namecheap,,,06/08/2026 11:41
0b299803-1b0a-4d04-93dc-0286799be8e1,salle.mom,available,1.99,27.99,high,low,5,namesilo,,,01/10/2026 05:06
83e1a4f6-24e7-4272-9fab-9249d8b09d64,charily.mom,available,1.8,45.98,medium,low,7,namecheap,,,14/09/2026 06:17
dda4f8ac-e1f5-47ba-a3d4-d355f1b82c84,alice.mom,premium,845,845,high,medium,5,namecheap,,,25/09/2026 13:23
4cc03d25-6a27-422b-ab1a-06c324a9e7c9,homeland.mom,available,1.99,26.97,high,low,8,dynadot,,,28/09/2026 09:28
c8b9e3f0-2025-4cc6-93f1-963bf77b1671,assaulter.mom,available,1.8,45.98,medium,low,9,namecheap,,,17/09/2026 17:42
1c16dc6d-0c39-4edb-9619-66093b9cbf1c,compass.mom,premium,2660,2660,high,medium,7,namesilo,,,18/09/2026 16:50
6b3d5b1c-dbc7-4fc0-a0dd-9e2e96af7944,israelite.mom,available,1.24,26,high,low,9,spaceship,,,29/09/2026 01:21
8ef3766d-9ecb-4c4c-aee0-07e8bb789c17,shiatsu.mom,available,1.99,27.99,high,low,7,namesilo,,,17/09/2026 05:40
0266a039-8111-4013-a658-e74a725bb90b,burbank.mom,premium,832,832,high,low,7,namesilo,,,30/09/2026 08:51
cf74f956-cd04-4af5-a028-d262d04e9765,shrinking.mom,available,1.8,45.98,medium,low,9,namecheap,,,29/09/2026 13:58
a7e0bf48-f06d-44a6-93cf-f57cddb722ad,cara.mom,available,1.99,27.99,high,low,4,namesilo,,,28/09/2026 22:02
218572b9-428a-45f4-b727-a535045a811c,exploring.mom,available,1.24,26,high,low,9,spaceship,,,28/09/2026 15:59
cda2fd65-bdb3-435e-8398-505596186af9,rockbound.mom,available,1.8,45.98,medium,low,9,namecheap,,,09/09/2026 18:10
2fc3fd26-7fc8-40c3-ac04-02457dfce61c,liberty.mom,premium,2660,2660,high,high,7,namesilo,,,21/09/2026 07:30
55f4b126-5e8f-47bd-ba86-d1582bde3416,colored.mom,available,1.8,45.98,high,low,7,namecheap,,,22/09/2026 20:23
2963b50c-2558-42e5-90a4-5834178dec84,jong.mom,available,1.24,26,medium,low,4,spaceship,,,28/09/2026 14:03
84badc48-66a9-4559-b014-2c1cc72be77c,suarez.mom,available,1.99,27.99,medium,low,6,namesilo,,,30/09/2026 05:29
513eba79-8ff4-4cc6-92a1-f193d2b4f364,yellow.mom,premium,832,832,high,medium,6,namesilo,,,23/09/2026 14:15
1c500e09-4790-48a6-adc4-08e3343e6bed,keys.mom,resell,,,high,medium,4,Dynadot Inc,02/02/2026 16:33,02/02/2027 23:59,26/09/2026 07:04
7786e235-39dd-4d8e-81de-714791f35093,seated.mom,available,1.54,26.26,high,low,6,porkbun,,,27/09/2026 19:11
7f0d0168-dbae-4d62-9191-fd0f62506be9,commodities.mom,available,1.99,27.99,medium,low,11,namesilo,,,02/10/2026 01:55
6a9a09dd-2907-4958-9c19-af368e12fbda,privates.mom,available,1.99,27.99,medium,low,8,namesilo,,,02/10/2026 05:02
e3c45af4-92af-4a09-81de-df6379448568,obsolete.mom,available,1.8,45.98,medium,low,8,namecheap,,,14/08/2026 13:30
b16492e7-647f-4114-8e55-ed484730188c,shogunate.mom,available,1.99,27.99,medium,low,9,namesilo,,,21/09/2026 05:18
971d3190-a440-4735-a597-2d5d0a4da585,sevastopol.mom,available,1.54,26.26,medium,low,10,porkbun,,,30/09/2026 18:36
67a59558-d8e0-419b-ab65-1ea25a99824f,royalties.mom,available,1.99,27.99,medium,low,9,namesilo,,,18/09/2026 03:27
21daed68-f15b-48d8-85f4-bcce96dfcc50,consideration.mom,available,1.24,26,high,low,13,spaceship,,,28/09/2026 04:23
6da57c3b-cca4-4341-9246-7dde46ecb9fe,attends.mom,available,1.99,27.99,medium,low,7,namesilo,,,17/09/2026 22:27
0571bb1d-8691-4cd4-9608-d2e703e98617,craving.mom,available,1.54,26.26,high,low,7,porkbun,,,30/09/2026 01:09
c1393be6-3973-4443-9878-f3563a3a0fdb,controversy.mom,available,1.24,26,medium,low,11,spaceship,,,29/09/2026 10:11
2af1c47b-de25-49e2-8946-5cb11ce6e9ad,pouring.mom,available,1.8,45.98,high,low,7,namecheap,,,20/08/2026 21:01
6f0062ca-351b-41ca-99eb-c932da85ff0e,roundish.mom,available,1.8,45.98,high,medium,8,namecheap,,,09/09/2026 19:04
0bd1d638-de08-4886-8564-18463e84f0ce,dispatches.mom,available,1.24,26,medium,low,10,spaceship,,,02/10/2026 04:00
1899e505-5379-4104-8100-f4b39180978c,oriole.mom,available,1.8,45.98,high,low,6,namecheap,,,18/09/2026 20:26
823a7537-94f6-4f48-b942-3004f8cb7775,bartholin.mom,available,1.8,45.98,medium,low,9,namecheap,,,22/09/2026 09:14
0b247dea-e8cf-4979-8b5f-aeefbb91fc66,savage.mom,premium,812.5,812.5,high,low,6,name.com,,,08/08/2026 15:36
80e0454f-7b77-4fc8-aee4-230b28e530a1,abstracter.mom,available,1.8,45.98,medium,low,10,namecheap,,,16/09/2026 18:30
84f4962e-5ecf-43c3-a8d6-1664fbfb117e,reflex.mom,available,1.99,27.99,high,low,6,namesilo,,,27/09/2026 11:10
c330e6af-ec59-4e14-8743-a2fd7584d8f6,secular.mom,available,1.8,45.98,medium,low,7,namecheap,,,22/08/2026 18:49
40d22857-6eac-4070-a1ae-0a0647d64080,taleteller.mom,available,1.8,45.98,medium,low,10,namecheap,,,11/09/2026 10:32
18b7b828-e203-47e7-b0a3-a02695aba856,licence.mom,available,1.24,26,high,low,7,spaceship,,,01/10/2026 02:54
de4cf767-bb25-47a2-9729-34283956f4c8,fulfill.mom,available,1.24,26,high,low,7,spaceship,,,28/09/2026 15:34
641045bb-c268-4708-a59a-6887be4712c7,affirmation.mom,available,1.99,27.99,high,low,11,namesilo,,,16/09/2026 08:52
cf757720-2bda-4d5e-a1cc-6c6333c75055,topping.mom,available,1.8,45.98,high,low,7,namecheap,,,11/09/2026 17:36
ec1ec476-441f-4de8-bae3-bb13393d88b6,anachronic.mom,available,1.8,45.98,medium,low,10,namecheap,,,
627b0002-e685-488f-b10e-5fd9b2a7fb29,housewife.mom,available,1.24,26,high,low,9,spaceship,,,29/09/2026 01:18
cc1e5ab1-ab41-47ad-a510-6e2ec42a9b34,oks.mom,available,1.99,27.99,medium,low,3,namesilo,,,21/09/2026 06:13
2a9c6f00-cce9-4500-bfa3-f197abd16b23,daughterly.mom,available,1.99,51.99,high,low,10,name.com,,,13/08/2026 18:46
90c2dcd1-e475-4eec-bfa7-3655fb3f9954,deceived.mom,available,1.54,26.26,low,low,8,porkbun,,,29/09/2026 23:13
a2e16e2a-1006-4434-84c7-7a6b5ebfa1d1,spirits.mom,available,1.24,26,high,low,7,spaceship,,,29/09/2026 03:40
fb439f97-69a5-4744-8fee-ae5fc6486f41,beaner.mom,available,1.8,45.98,medium,low,6,namecheap,,,22/09/2026 20:26
64706e1e-d7f4-4bde-817c-afd630bab732,closest.mom,available,1.24,26,medium,low,7,spaceship,,,28/09/2026 14:05
ab60c2cb-c7cf-4d00-a0c5-255368d9a3a6,boniface.mom,available,1.99,51.99,medium,low,8,name.com,,,19/09/2026 19:19
cfcf6ced-55f5-451c-abd3-4f46fcdf7394,composed.mom,available,1.8,45.98,high,low,8,namecheap,,,23/09/2026 17:50
3f7e565c-df70-476c-b4ae-0ba8b679c78b,lash.mom,premium,845,845,high,low,4,namecheap,,,30/09/2026 17:16
e05aa818-1459-46d2-a2b8-bf7efc33c8fd,afghani.mom,available,1.8,45.98,medium,low,7,namecheap,,,
51ac0850-470a-48de-972d-915fc27036f6,iec.mom,available,1.24,26,medium,low,3,spaceship,,,28/09/2026 16:35
2fdcadbd-158f-4fa5-9dc0-cdf3359e3645,tarawa.mom,available,1.8,45.98,medium,low,6,namecheap,,,21/09/2026 19:26
98f2473c-d7c4-4f6b-8469-959857ef2e9a,genealogic.mom,available,1.8,45.98,high,low,10,namecheap,,,18/08/2026 21:22
0369f100-55c9-4dfb-afd7-affc4fb6e363,guinness.mom,available,1.8,45.98,high,low,8,namecheap,,,18/09/2026 04:41
3da32b68-309a-40bb-b337-13debe635092,roumanian.mom,available,1.8,45.98,high,medium,9,namecheap,,,09/09/2026 18:29
c098a888-1c84-4bc5-89da-9b2e5f141e2b,preparations.mom,available,1.24,26,low,low,12,spaceship,,,29/09/2026 05:22
3cf5d782-c8c7-4398-bd8a-f61bbf75a3f1,bassett.mom,available,1.99,27.99,high,low,7,namesilo,,,27/09/2026 07:09
fcf0e042-87de-487a-ad03-e09b958d9d4b,refractive.mom,available,1.8,45.98,medium,low,10,namecheap,,,13/08/2026 23:32
ef2b4156-334c-4c7d-9bb4-b2158a4a6a20,prefrontal.mom,available,1.8,45.98,high,medium,10,namecheap,,,09/09/2026 01:37
3793b07b-fbf4-4377-9b32-ec94d4273f35,weed.mom,premium,832,832,high,medium,4,namesilo,,,29/09/2026 16:35
2b92d791-1bc4-4504-957e-0fae2287a318,replying.mom,available,1.99,27.99,medium,low,8,namesilo,,,18/09/2026 12:55
573bff9c-2c70-4ccc-8cb5-a157ec896070,harmonized.mom,available,1.8,45.98,high,low,10,namecheap,,,12/08/2026 22:50
5729eecc-5bd5-406d-8964-66f990f57bad,feeble.mom,available,1.99,51.99,medium,low,6,name.com,,,13/08/2026 20:30
682acc85-d52e-40b6-911c-e1ef5c0097fd,batteries.mom,available,1.99,27.99,medium,low,9,namesilo,,,27/09/2026 23:45
7fb26908-54ac-470d-a5e0-4ee8dd2372f1,irrational.mom,available,1.99,27.99,high,low,10,namesilo,,,25/09/2026 11:23
80feb7b5-eb1e-4b59-92f5-24990ed56273,webber.mom,available,1.99,27.99,medium,low,6,namesilo,,,29/09/2026 15:02
5f47ed96-9e9a-4ffc-9cab-d404a457f47d,handbook.mom,available,1.99,27.99,high,low,8,namesilo,,,29/09/2026 12:11
e77edb6e-8691-457e-8b39-72931348a911,florio.mom,available,1.99,27.99,high,low,6,namesilo,,,01/10/2026 19:36
ea40b0a5-c793-45b5-9398-1137350b033a,neurons.mom,available,1.99,27.99,medium,low,7,namesilo,,,30/09/2026 06:54
d622aede-dee5-4d34-8838-2c0c00114f8a,microphone.mom,available,1.24,26,high,low,10,spaceship,,,29/09/2026 08:27
9f47da55-f6d1-46d5-b43f-8d5bcd63f49b,thucydides.mom,available,1.54,26.26,medium,low,10,porkbun,,,30/09/2026 18:58
be794e70-7a79-41f3-a37d-87ba14d45b9f,determining.mom,available,1.54,26.26,medium,low,11,porkbun,,,30/09/2026 05:52
6f45b112-f650-4b31-a57e-747327bad41a,watered.mom,available,1.8,45.98,medium,low,7,namecheap,,,25/08/2026 03:28
fd362e03-16f4-4e61-acc8-310ec1d25b92,nohow.mom,available,1.8,45.98,low,low,5,namecheap,,,15/09/2026 16:44
a300f020-f032-401b-9f88-44c68cc4b787,requested.mom,available,1.24,26,high,low,9,spaceship,,,27/09/2026 12:02
4bd05337-dd9a-4e6d-923b-9ab1bcb26f40,flimsy.mom,available,1.8,45.98,medium,low,6,namecheap,,,18/08/2026 08:15
e05f878e-9182-42c8-8bac-0696003c14d9,catarrhine.mom,available,1.8,45.98,medium,low,10,namecheap,,,11/08/2026 21:11
5d98fe61-782a-4494-bd93-7eb709f668f5,maladroit.mom,available,1.8,45.98,medium,low,9,namecheap,,,24/08/2026 13:35
ef5a9ebd-83cd-4b51-8090-81f45fa6538e,regulate.mom,available,1.8,45.98,high,low,8,namecheap,,,30/09/2026 11:03
b3a0ac5d-13ee-4dcf-9c11-bb32fa984334,improver.mom,available,1.8,45.98,high,low,8,namecheap,,,21/08/2026 14:58
844e5888-b926-490c-9c90-c0bc6f97cece,kensington.mom,available,1.99,27.99,high,low,10,namesilo,,,30/09/2026 12:20
9ba5a9e7-4e75-4b3d-8676-b8a89526c5ec,brendan.mom,available,1.99,27.99,high,low,7,namesilo,,,28/09/2026 04:01
1bb188ff-4581-48fd-83a6-5f4955f8a58d,armenian.mom,available,1.8,45.98,high,low,8,namecheap,,,06/08/2026 19:39
ab998a4c-ea3f-457f-9848-e3a4b5c70de5,reagan.mom,available,1.24,26,medium,low,6,spaceship,,,28/09/2026 15:06
2b42e794-ba03-446e-b744-7ae255805430,comfortably.mom,available,1.24,26,high,low,11,spaceship,,,01/10/2026 18:17
5ac0d063-db6d-4322-bfbe-aafdb20649dd,sniffing.mom,available,1.24,26,medium,low,8,spaceship,,,30/09/2026 20:12
32358f81-e931-4a37-a758-61ddca8437f4,thayer.mom,available,1.99,26.97,medium,low,6,dynadot,,,28/09/2026 08:07
61b95510-6751-4beb-b604-90ed77ea04f8,vendue.mom,available,1.99,27.99,medium,low,6,namesilo,,,21/09/2026 02:46
daaafca9-2d60-4271-84ec-dbe0f89ee7a8,musts.mom,available,1.99,27.99,medium,low,5,namesilo,,,19/09/2026 21:45
b2250c04-ccd8-436e-8a49-436b4300f0be,recording.mom,available,1.99,27.99,high,low,9,namesilo,,,30/09/2026 09:21
d5830594-d5b6-4c2b-a859-c0fc7f2ea818,bevin.mom,available,1.99,27.99,medium,low,5,namesilo,,,23/09/2026 12:05
eecd1f44-e70d-4970-8afe-60c4b4ff414a,ataturk.mom,available,1.99,27.99,high,low,7,namesilo,,,20/09/2026 19:44
01ada391-1e7a-46b2-aab3-427848845b7a,automated.mom,available,1.99,27.99,high,low,9,namesilo,,,22/09/2026 13:58
6076becc-2e0e-4593-a64a-040c1b2b7212,catastrophe.mom,available,1.99,26.97,medium,low,11,dynadot,,,28/09/2026 22:54
b7c31a0f-a212-4541-bed2-9cf8604a833e,incorporated.mom,available,1.54,26.26,medium,low,12,porkbun,,,28/09/2026 22:28
f27f6705-1b6f-4453-ab05-03d538aaa332,def.mom,available,1.8,45.98,high,low,3,namecheap,,,30/09/2026 11:47
3a927ad9-a2f3-43d2-b6ea-3481d3eee279,algebra.mom,available,1.99,27.99,high,low,7,namesilo,,,18/09/2026 06:54
4bc07d3f-6bbc-4e0b-8708-1c1a0725dcb6,concentrate.mom,available,1.99,27.99,high,low,11,namesilo,,,26/09/2026 00:53
e5e07b43-288f-49e3-9d01-a264a97abf3b,civilization.mom,available,1.99,27.99,high,low,12,namesilo,,,27/09/2026 07:12
aed4be48-78fa-4bc2-bea1-827328020cd0,wondered.mom,available,1.24,26,high,low,8,spaceship,,,01/10/2026 17:45
5de21d62-cf00-407a-afca-741b162fce36,difficulties.mom,available,1.8,45.98,high,low,12,namecheap,,,17/09/2026 21:37
129431cc-9069-46de-828f-6ad2aaae4c0d,astride.mom,available,1.8,45.98,medium,low,7,namecheap,,,13/09/2026 22:11
66bdac7a-839b-4329-a4d1-72e0cd76f718,discreet.mom,available,1.8,45.98,high,low,8,namecheap,,,12/08/2026 08:23
23d4a6a3-c740-4acc-9b0f-89bddc3d44fa,enlarge.mom,available,1.8,45.98,high,low,7,namecheap,,,15/08/2026 23:49
c6309b9e-0ae9-4c4c-8950-4c9b7e26d322,vapid.mom,available,1.8,45.98,medium,low,5,namecheap,,,10/08/2026 13:04
a9cf1eb8-19ee-45e2-8d42-eecdabebc6c6,abnormally.mom,available,1.8,45.98,medium,low,10,namecheap,,,13/09/2026 16:24
ed967c11-124f-465b-81ca-ccad986d01dc,organizer.mom,premium,832,832,high,low,9,namesilo,,,20/09/2026 08:45
2ab4cf33-a23f-44d8-8c5c-b6f7a5c28eb7,intermix.mom,premium,2660,2660,high,medium,8,namesilo,,,24/09/2026 05:39
c8074d2c-6a2c-4ac3-a30b-48d6ef73dde2,clashing.mom,available,1.8,45.98,medium,low,8,namecheap,,,12/08/2026 09:40
6535ec73-add7-449c-803e-edec05ae5039,appointed.mom,available,,,medium,low,9,,,,
c02f31b0-4562-4ffc-a9f4-4922c6cb330a,pupillary.mom,available,1.8,45.98,high,medium,9,namecheap,,,09/09/2026 06:08
11443a85-a4af-44d7-85f2-e4843b03d7c3,alleviator.mom,available,1.8,45.98,high,low,10,namecheap,,,04/09/2026 23:48
c2c3b5ea-e1e0-462f-a8a7-e954235d6ebc,daley.mom,available,1.99,26.97,high,low,5,dynadot,,,28/09/2026 11:42
e4825d97-3352-47e2-9b09-4840189be65b,published.mom,available,1.99,27.99,high,low,9,namesilo,,,27/09/2026 07:35
2ef1913d-2b62-46c1-8943-4136e7a174cb,nutriment.mom,available,1.8,45.98,medium,low,9,namecheap,,,18/09/2026 07:52
1d9cf8f1-a5c0-4b94-8cd0-b7884440c800,abrahams.mom,available,1.99,26.97,medium,low,8,dynadot,,,01/10/2026 16:25
bacc7db5-86e5-41fb-8e31-9c99f30481cd,iga.mom,available,1.24,26,medium,low,3,spaceship,,,29/09/2026 13:05
86529412-d67f-4283-a09a-a212a33ec4f5,appease.mom,available,1.8,45.98,high,low,7,namecheap,,,18/08/2026 22:08
e3f276fc-c7de-4e6a-a350-cc8633b952b5,diagnosis.mom,available,1.99,27.99,high,low,9,namesilo,,,01/10/2026 22:09
564b516b-e87f-42d3-ab7e-c0ad2e3f1bf3,abrupt.mom,available,1.8,45.98,high,low,6,namecheap,,,
a345810a-e951-4992-922d-4611360adc89,halt.mom,available,1.99,27.99,high,low,4,namesilo,,,24/09/2026 01:49
b24ec152-0c90-4d50-a029-135881abe446,mayhap.mom,available,1.8,45.98,medium,low,6,namecheap,,,15/09/2026 13:45
042a8fdd-96c7-4784-ab6f-a6b3380f961a,titus.mom,available,1.99,27.99,high,low,5,namesilo,,,25/09/2026 05:37
8c39fa96-5ae3-4bd8-95f4-d6c47d4bfa3d,punching.mom,available,1.99,27.99,medium,low,8,namesilo,,,29/09/2026 00:06
278013ce-d776-4aab-a64a-5cf20bbf07c8,permanently.mom,available,1.24,26,medium,low,11,spaceship,,,28/09/2026 07:19
e06387d3-08f8-46ec-9b24-d36f73f15d6a,avowal.mom,available,1.8,45.98,medium,low,6,namecheap,,,17/09/2026 14:26
f6b72eb8-0fd3-410c-b5d8-de4ed778bd74,elevators.mom,available,1.24,26,low,low,9,spaceship,,,29/09/2026 00:00
1bc35095-4fca-4138-9526-a7e7e6792a2c,heats.mom,available,1.24,26,high,low,5,spaceship,,,01/10/2026 18:39
c2291641-5a1f-4f12-8d60-d0c7cd214184,orchard.mom,available,1.99,27.99,high,low,7,namesilo,,,29/09/2026 01:46
c4ae4a3a-52a7-4adc-872d-c9dcda3cc767,cashed.mom,available,1.8,45.98,high,low,6,namecheap,,,11/08/2026 20:15
e9db6478-ff4c-40cb-a2fd-5c249ec082f4,push.mom,premium,2200,2200,high,medium,4,dynadot,,,29/09/2026 12:15
1c82d0b6-d3be-4238-817d-c878f5fc04a6,monegasque.mom,available,1.8,45.98,medium,low,10,namecheap,,,25/08/2026 04:03
43a4f9aa-4f9d-4c4e-a1cb-d6d527ced69f,autosexing.mom,available,1.8,45.98,medium,low,10,namecheap,,,21/09/2026 07:42
40faf49e-be0a-4f64-868b-5e0d43c469b5,party.mom,premium,845,845,high,medium,5,namecheap,,,19/09/2026 09:39
af4f85f9-5af4-477d-932f-bb1841e66a70,dominance.mom,available,1.8,45.98,high,low,9,namecheap,,,28/09/2026 22:25
e96cc67c-ef7f-44ab-b446-1276b06d9f88,astronomy.mom,available,1.99,51.99,high,low,9,name.com,,,20/09/2026 18:10
7e45ef3a-aa0b-490f-827e-0f54548207ee,somali.mom,available,1.8,45.98,high,low,6,namecheap,,,10/09/2026 13:58
5651589c-8634-4b2e-9be2-c9ac9a732b8d,skeletal.mom,available,1.8,45.98,high,low,8,namecheap,,,10/08/2026 19:00
a0a97a01-a1c3-458b-83f5-e3c7440bb580,radha.mom,available,1.24,26,medium,low,5,spaceship,,,30/09/2026 21:08
658324a0-9417-4f35-a443-5b2cc6d05d59,bellow.mom,available,1.8,45.98,medium,low,6,namecheap,,,23/09/2026 06:17
9fad7382-4a6b-46f3-a5d4-b576baea4940,sheepshead.mom,available,1.99,27.99,medium,low,10,namesilo,,,20/09/2026 02:29
0df4064a-0587-43a2-90ba-dda80b0c34d4,etiologic.mom,available,1.8,45.98,medium,low,9,namecheap,,,
915c3c40-8cee-4cdb-aaf2-a1762af79410,aragonite.mom,available,1.99,27.99,medium,low,9,namesilo,,,19/09/2026 23:43
57f59b58-5f08-48e6-a8a0-52ea01e43cb5,wordless.mom,available,1.8,45.98,medium,low,8,namecheap,,,03/09/2026 11:53
c03e3349-fe2c-4a43-92ad-49f1ec446b85,asteraceae.mom,available,1.8,45.98,high,low,10,namecheap,,,20/09/2026 17:03
d507d81f-b0b0-4ed1-a7a9-c72bda637cbc,missoula.mom,available,1.24,26,medium,low,8,spaceship,,,29/09/2026 01:41
572ba4a5-61ae-4156-ad4e-1dc30fd85754,eastbound.mom,available,1.8,45.98,high,low,9,namecheap,,,14/08/2026 22:50
f4fd514a-7550-4cc0-b4a0-a2d5e6ad2087,gallic.mom,available,1.8,45.98,medium,low,6,namecheap,,,18/08/2026 15:02
abaee307-04e5-4191-855c-ecf9a6f7275d,eyewitness.mom,available,1.24,26,high,low,10,spaceship,,,29/09/2026 18:49
23babf5a-4719-42a7-bb17-638181619290,dromedary.mom,available,1.99,27.99,medium,low,9,namesilo,,,19/09/2026 23:32
2ac6761d-5a28-4910-bc03-3e5ec944ebce,bardic.mom,available,1.8,45.98,medium,low,6,namecheap,,,08/08/2026 18:00
99922e7d-9dd9-45a2-9068-0dfc8efecac6,bunch.mom,available,1.24,26,high,low,5,spaceship,,,29/09/2026 05:23
1a68f11d-6960-40e9-8118-522cf6ea4929,affiliate.mom,premium,672.95,672.95,high,low,9,spaceship,,,28/09/2026 19:17
c0f2c6d6-9589-4469-bee5-dae25a6805ed,sizzling.mom,available,1.8,45.98,high,low,8,namecheap,,,10/09/2026 09:17
cf459809-4dc2-4fce-b58b-632323eeaac3,cambrian.mom,available,1.8,45.98,high,low,8,namecheap,,,11/08/2026 15:45
c6c6affc-9e6b-48ad-8c47-c95d613aed71,loner.mom,available,1.99,26.97,high,low,5,dynadot,,,01/10/2026 20:21
ee3d9e28-e676-4a82-853d-f55e3485dfca,landings.mom,available,1.99,27.99,medium,low,8,namesilo,,,30/09/2026 00:42
f59876f1-3568-4e45-835f-951ba0ebbfac,receipt.mom,available,1.99,27.99,high,low,7,namesilo,,,30/09/2026 09:15
ceb0346b-2605-4712-98c4-ecca782765d8,allergen.mom,available,1.99,27.99,high,low,8,namesilo,,,18/09/2026 10:53
1a7aee64-0a0e-4b95-8530-0124abab5bda,accuracy.mom,available,1.99,27.99,high,low,8,namesilo,,,16/09/2026 23:21
0ad0bbe4-c20f-451e-bc48-ece3660854e8,jest.mom,available,1.24,26,high,low,4,spaceship,,,01/10/2026 19:41
ee91ec9e-0b26-4acb-a8ab-2cf5ca2ba18d,fascism.mom,available,1.99,27.99,medium,low,7,namesilo,,,30/09/2026 01:35
1539e490-6247-4803-ab09-270214ce569a,casualties.mom,available,1.24,26,medium,low,10,spaceship,,,27/09/2026 21:53
6a4f788b-7570-401a-9ced-cd518df41c8f,resistance.mom,available,1.8,45.98,high,low,10,namecheap,,,12/09/2026 07:26
f17ac402-5151-4656-ab5b-878ecd3286a4,confessed.mom,available,1.24,26,medium,low,9,spaceship,,,28/09/2026 04:56
25f615bc-e662-4bf3-af17-b4dafc2d8289,barramundi.mom,available,1.99,27.99,medium,low,10,namesilo,,,20/09/2026 14:04
5964cf20-a6d5-46e5-8f1e-ed35cde5e7f9,orphans.mom,available,1.24,26,medium,low,7,spaceship,,,28/09/2026 18:19
9535b1af-7ffd-43e9-9f5b-004036c5bfde,duet.mom,available,1.24,26,high,low,4,spaceship,,,29/09/2026 18:31
3999fce0-b58e-489c-977c-fa38a032aac3,basketful.mom,available,1.99,27.99,medium,low,9,namesilo,,,22/09/2026 11:27
38fbf9d3-e775-4d7c-8665-b3f337e38b59,national.mom,premium,2600,2600,high,medium,8,namecheap,,,25/09/2026 22:55
f78f9562-88d8-4f5a-bbb7-301e8f593863,breckenridge.mom,available,1.8,45.98,medium,low,12,namecheap,,,01/10/2026 11:00
6b148678-aac1-4b49-97f9-0cb66bc32682,assistive.mom,available,1.8,45.98,medium,low,9,namecheap,,,07/08/2026 06:40
96b022b2-38a7-405b-b147-ad4e44f63a37,pies.mom,available,,,medium,low,4,,,,
43cde73b-b3c8-4f86-b7b7-2009b2b6ea0a,adp.mom,premium,2660,2660,high,high,3,namesilo,,,17/09/2026 07:32
3c8419d2-d452-46fb-8277-d67893a0d3e9,fleetly.mom,available,1.8,45.98,medium,low,7,namecheap,,,14/09/2026 18:56
62af844d-f522-444f-9cb0-d98452479cab,fraser.mom,available,1.24,26,high,medium,6,spaceship,,,29/09/2026 17:49
14c53a94-c6f1-4b43-8c05-eb7e12f3717e,synoecious.mom,available,1.8,45.98,medium,low,10,namecheap,,,11/09/2026 06:29
82b13c05-f052-448e-86a4-53521fa701fc,apparatus.mom,available,1.8,45.98,high,low,9,namecheap,,,19/09/2026 19:49
d24a1523-b7ac-4dcc-92fc-f319f49c7e78,lauren.mom,premium,2600,2600,high,high,6,namecheap,,,25/09/2026 17:14
e25d5011-6962-49dd-9ec3-57e4922262f1,blackamoor.mom,available,1.8,45.98,medium,low,10,namecheap,,,03/09/2026 15:12
0b2a4795-9138-4fa6-b68f-f3b96843396b,corregidor.mom,available,1.99,27.99,medium,low,10,namesilo,,,22/09/2026 13:13
7a61afc9-9e03-4399-8b45-30d90b0cf4d6,baseborn.mom,available,1.8,45.98,low,low,8,namecheap,,,08/08/2026 21:34
8d250b52-4492-4775-8a57-2a78846b003b,plunder.mom,available,1.54,26.26,high,low,7,porkbun,,,01/10/2026 18:45
5b014b8c-a98d-4e3a-a2a5-69308f8ad12b,dustbin.mom,available,1.99,27.99,medium,low,7,namesilo,,,20/09/2026 13:42
84f739f2-4927-4801-aa40-fb22164146dd,unusable.mom,available,1.8,45.98,medium,low,8,namecheap,,,12/09/2026 21:58
23f99be7-a2fb-4e0d-bb98-8f48678e521e,rigil.mom,available,1.99,27.99,medium,low,5,namesilo,,,18/09/2026 13:35
2051bbd9-f1a1-4685-b384-287f7ccec95b,unchained.mom,available,1.8,45.98,high,low,9,namecheap,,,12/09/2026 04:54
011e3a1a-13b0-437b-8c68-5dd59cf1545e,beardless.mom,available,1.8,45.98,medium,low,9,namecheap,,,09/08/2026 04:43
2e2cb5a7-dd6a-4399-8b14-4cbeb385696c,retrospective.mom,available,1.24,26,medium,low,13,spaceship,,,01/10/2026 22:37
d9cf2bf2-3b87-4758-a1f5-8621fe41dffd,renewing.mom,available,1.8,45.98,high,low,8,namecheap,,,09/09/2026 14:06
cad2f319-3cda-436f-9757-80ff6967116b,dodge.mom,available,1.99,27.99,high,low,5,namesilo,,,28/09/2026 01:47
647753f1-de3f-40be-8557-e768210e4d79,statutory.mom,available,1.8,45.98,medium,low,9,namecheap,,,10/09/2026 19:20
79b81fcb-897d-47a8-a56b-bee9db859b2c,enceinte.mom,available,1.8,45.98,high,low,8,namecheap,,,16/08/2026 22:09
8ec26816-02dc-4536-8b21-eab1fd16a4b4,pavilion.mom,available,1.24,26,high,low,8,spaceship,,,30/09/2026 18:00
d491b86e-8856-41b9-b80d-445d1695bea8,spheric.mom,available,1.8,45.98,medium,low,7,namecheap,,,08/08/2026 10:16
f981d2e1-d79d-4653-8752-dbf1d068c768,greeks.mom,available,1.99,26.97,medium,low,6,dynadot,,,28/09/2026 22:45
650a63f8-26c7-4896-9b8d-5f7645669797,thoughtful.mom,premium,812.5,812.5,high,low,10,name.com,,,21/08/2026 05:59
8df4fed3-f9fa-4615-a733-4c66f71b84ab,balancing.mom,available,1.8,45.98,high,low,9,namecheap,,,21/09/2026 20:56
9c8c515a-a9fd-4354-a0f0-75e30a40f0ce,compile.mom,available,1.8,45.98,high,low,7,namecheap,,,08/09/2026 09:16
2e787f1d-2ae4-4004-aebb-d05c9d17526b,endpoints.mom,available,1.99,27.99,medium,low,9,namesilo,,,30/09/2026 07:49
2cf33c9f-39c4-4348-b90a-a5ca1be57257,sustaining.mom,available,1.24,26,high,low,10,spaceship,,,01/10/2026 23:00
2856afdd-9d45-49d1-95c9-ef6718cb43ef,neal.mom,premium,845,845,medium,low,4,namecheap,,,28/09/2026 16:08
d82a6241-0acb-49be-a511-4fd339ccfe3b,cheers.mom,available,1.99,27.99,high,low,6,namesilo,,,27/09/2026 06:11
fbe3a510-882a-4b8b-bff4-01534261b9b2,curtis.mom,premium,832,832,high,low,6,namesilo,,,25/09/2026 04:28
49fb33f6-7289-4fed-aa4f-c021c7f2482f,grenville.mom,available,1.99,26.97,medium,low,9,dynadot,,,29/09/2026 04:31
bc410b2e-895e-46b4-9838-1f7338d1cf75,plausible.mom,available,1.8,45.98,high,low,9,namecheap,,,08/09/2026 20:55
75bd31e2-2fb6-42b4-9bb6-766664d8d3db,motorsports.mom,available,1.99,27.99,high,low,11,namesilo,,,17/09/2026 11:52
b9186547-aca0-46d6-b374-6119f8a16156,emboss.mom,available,1.8,45.98,high,low,6,namecheap,,,10/08/2026 20:42
7171e758-59de-40aa-b8e2-0479817c5670,tasman.mom,available,1.99,27.99,medium,low,6,namesilo,,,16/09/2026 14:58
b40df30b-2699-4ca3-8ce9-3311105d28e4,doctorial.mom,available,1.8,45.98,medium,low,9,namecheap,,,14/08/2026 14:21
2a3debcc-a3af-4a84-a1cd-5a7cf2265e09,brazen.mom,available,1.8,45.98,high,low,6,namecheap,,,11/08/2026 02:54
95780787-2d7e-45ff-b313-87a4d32c7a20,topical.mom,available,1.8,45.98,high,low,7,namecheap,,,11/09/2026 17:42
aff2c755-0b87-4305-b65d-2abc4e408d58,gizmo.mom,available,1.99,27.99,high,low,5,namesilo,,,19/09/2026 21:49
b0eec0b2-550a-482e-a63c-82a934dfd04b,wasteland.mom,available,,,medium,low,9,,,,
a3f69bde-b2aa-4a36-8f84-c079e325ca60,conflicts.mom,available,1.8,45.98,medium,low,9,namecheap,,,19/09/2026 21:22
5ec2c1e4-1241-4c1b-9332-0dc25a0c3761,strauss.mom,available,1.99,27.99,high,low,7,namesilo,,,29/09/2026 13:12
ac969638-e54c-4300-9fd3-723890c5b2ad,lettered.mom,available,1.8,45.98,high,low,8,namecheap,,,22/08/2026 16:54
e60d186e-30b4-4008-85c8-7218086b6bdc,minors.mom,available,1.24,26,high,low,6,spaceship,,,29/09/2026 18:08
ed40f7a4-2b79-4a58-8528-91b9a15d63f5,corrupted.mom,available,1.8,45.98,medium,low,9,namecheap,,,23/09/2026 23:59
244b5c44-51f0-43de-88aa-b4a13b5d87ba,denham.mom,available,1.24,26,medium,low,6,spaceship,,,30/09/2026 05:30
e877a6bd-3986-41c0-a8ea-81d9398fc470,peptic.mom,available,1.8,45.98,medium,low,6,namecheap,,,08/09/2026 15:53
3cd5a7a1-200e-455b-88f4-4c68e51b2800,xxix.mom,available,1.8,45.98,medium,low,4,namecheap,,,
1b697430-ef68-46de-bc4e-25a66ec38bb9,assign.mom,available,1.8,45.98,high,low,6,namecheap,,,21/09/2026 02:19
8c00ee3e-e328-42b5-b424-2894606ad09e,dominican.mom,available,1.8,45.98,high,low,9,namecheap,,,14/08/2026 15:44
91bb836d-fdb7-4fc1-8098-0327d08de879,apogee.mom,available,1.8,45.98,high,low,6,namecheap,,,19/09/2026 18:28
85a47c1d-de14-4f61-b360-c5861f53c811,decayable.mom,available,1.8,45.98,low,low,9,namecheap,,,13/08/2026 20:54
74c8e378-3200-41bc-982b-ff32875368ec,liability.mom,available,1.24,26,medium,low,9,spaceship,,,28/09/2026 09:46
0af7e581-d9d9-4ec9-8cdd-0b1dced03d74,unicorns.mom,available,1.99,,high,low,8,name.com,,,
337eabbd-297c-43d5-91d4-a0066a63eec1,vigilant.mom,available,1.8,45.98,high,low,8,namecheap,,,04/09/2026 16:01
17fa85fb-2d14-45fd-9949-177f5028262d,babka.mom,available,1.99,27.99,high,low,5,namesilo,,,21/09/2026 12:47
55eb5392-1bd6-48d9-a9c7-85f4b562f538,fingerless.mom,available,1.8,45.98,medium,low,10,namecheap,,,18/08/2026 04:55
a4b8c498-9395-4819-b7b1-402e66fb2062,peso.mom,available,1.99,27.99,high,low,4,namesilo,,,24/09/2026 14:37
b8ab0488-bfa5-4348-83fc-55951046f242,ambiguity.mom,available,1.99,27.99,high,low,9,namesilo,,,18/09/2026 16:43
25c33754-c774-47a4-999c-9e70dada1ad3,muir.mom,available,1.99,26.97,medium,low,4,dynadot,,,29/09/2026 19:25
0acea6a6-32be-483a-a978-3d258566d016,quadrangle.mom,available,1.8,45.98,high,low,10,namecheap,,,09/09/2026 07:22
30a8c28d-aaea-40e5-88db-96c530105c6d,beetles.mom,available,1.99,27.99,medium,low,7,namesilo,,,29/09/2026 23:12
23f67fa4-d9f7-4979-936b-26591b21a314,alarmed.mom,available,1.8,45.98,medium,low,7,namecheap,,,
68f71a2b-9213-48c8-8643-343d5b354f53,protocol.mom,resell,,,high,low,8,Dynadot Inc,12/08/2026 14:17,12/08/2027 23:59,26/09/2026 08:23
b41bc1b2-1c58-4beb-a11c-0cd5362e100b,karel.mom,available,1.24,26,high,low,5,spaceship,,,29/09/2026 09:01
0f5843c7-e770-4b1b-be67-d57820abe91b,introduces.mom,available,1.99,27.99,medium,low,10,namesilo,,,18/09/2026 14:34
80650eff-ee48-4b3c-a4f5-6db9c7512980,smokers.mom,available,1.99,26.97,medium,low,7,dynadot,,,02/10/2026 03:25
e9258b1a-a3d9-4990-8ab2-9054e6d049ec,effortful.mom,available,1.8,45.98,medium,low,9,namecheap,,,15/08/2026 16:20
633c3114-89ef-4ddd-94b9-042e22a442ea,color.mom,premium,832,832,high,low,5,namesilo,,,23/09/2026 15:05
d3cbf226-8078-4cbe-8bbf-c438d102455e,shadows.mom,available,1.99,27.99,medium,low,7,namesilo,,,18/09/2026 03:26
c2b27afe-c00e-41dc-840a-2c89a7e9d5a7,wording.mom,available,1.99,27.99,high,low,7,namesilo,,,29/09/2026 08:51
d86767b3-4364-4343-895e-726008b839f4,romance.mom,available,1.24,26,high,low,7,spaceship,,,27/09/2026 15:59
d556dd4b-94c6-4355-9149-663a1b6146f7,manchester.mom,available,1.24,26,high,low,10,spaceship,,,28/09/2026 19:49
4836ac93-e765-40c9-a544-e45bd68d8819,indocile.mom,available,1.8,45.98,medium,low,8,namecheap,,,22/08/2026 03:18
38ded32e-3bf6-46f8-b779-e400652ab045,ramesh.mom,available,1.99,27.99,medium,low,6,namesilo,,,02/10/2026 00:05
01921a2a-2d4a-419d-8cfa-8e89c96a129c,adaptor.mom,available,1.99,27.99,high,low,7,namesilo,,,17/09/2026 06:32
ed094175-1a3c-424f-9968-00370c246bca,compeer.mom,available,1.8,45.98,medium,low,7,namecheap,,,17/08/2026 11:35
a9a19bf9-fd75-4d45-91f2-af01ab617d82,aeolian.mom,available,1.8,45.98,medium,low,7,namecheap,,,
4c6a3acd-bc7a-42b4-87c7-f1669ed0bcf3,laurent.mom,available,1.99,27.99,medium,low,7,namesilo,,,27/09/2026 09:55
597f71b8-992d-44f7-ba0d-41300899d3f7,accommodating.mom,available,1.99,26.97,medium,low,13,dynadot,,,30/09/2026 19:15
04d0144c-3015-4816-9f10-bfd4c1c6d91e,auditions.mom,available,1.24,26,medium,low,9,spaceship,,,30/09/2026 16:27
d6bf7910-eebd-4f6e-8026-457277e3b21e,glinting.mom,available,1.8,45.98,medium,low,8,namecheap,,,
7f9b4c63-a813-40f8-b82e-72a3453a8b12,bathtub.mom,available,1.99,27.99,high,low,7,namesilo,,,22/09/2026 13:40
03da3924-b9d7-4e8a-a5e7-1a3086874de3,subjective.mom,available,1.99,27.99,high,low,10,namesilo,,,25/09/2026 07:50
a430365f-97c9-40fb-9ae9-aafeefdbb13d,endemical.mom,available,1.8,45.98,medium,low,9,namecheap,,,17/08/2026 00:53
7f54f7e0-e4cc-45c8-9526-d45b6bd4520c,abscessed.mom,available,1.8,45.98,medium,low,9,namecheap,,,
f11b04a5-d635-460c-83fe-89e93ae761bf,mesic.mom,available,1.8,45.98,medium,low,5,namecheap,,,24/08/2026 21:11
42498ff6-276f-46d5-95ca-3b13f7fb3827,convex.mom,available,1.8,45.98,high,low,6,namecheap,,,11/08/2026 08:24
eef08add-cf37-40da-938f-5360f535abf8,lxxxiv.mom,available,1.8,45.98,medium,low,6,namecheap,,,
9f427c64-43e1-438b-a7ed-e51441fec910,rimless.mom,available,1.8,45.98,medium,low,7,namecheap,,,09/09/2026 17:43
534f247e-4e01-4cde-837e-c0a3c2f2562c,adze.mom,available,1.99,27.99,medium,low,4,namesilo,,,17/09/2026 12:02
3926a434-59b3-4ec7-ad2b-0da4db6b29b1,rfid.mom,available,1.24,26,high,low,4,spaceship,,,02/10/2026 01:54
7a15177a-8f81-4f1d-998e-83cd122f10ab,premiers.mom,available,1.54,26.26,medium,low,8,porkbun,,,29/09/2026 17:25
a1087cdf-60f1-4cd8-b955-081a696aa8b7,bethesda.mom,available,1.99,27.99,high,low,8,namesilo,,,01/10/2026 23:20
67af8b63-5feb-45df-8ee7-c53787d8fae5,indorse.mom,available,1.8,45.98,high,low,7,namecheap,,,08/08/2026 05:17
99e54a53-a75d-48bb-915a-ac7267dfcea5,jimmy.mom,available,1.99,27.99,high,low,5,namesilo,,,30/09/2026 00:48
ba475125-17aa-42b6-bdd1-9e489d8e5fcf,species.mom,available,1.99,27.99,high,low,7,namesilo,,,26/09/2026 00:22
347c9a92-7ab9-4f73-ad2d-17dee29b5145,christina.mom,premium,832,832,high,low,9,namesilo,,,25/09/2026 14:23
aede99dc-dcb8-4593-a426-d864f1e9f430,gettable.mom,available,1.8,45.98,medium,low,8,namecheap,,,18/08/2026 23:02
5ff74228-faf2-4990-8c9b-b415f8d729f1,neighbor.mom,available,1.8,45.98,high,low,8,namecheap,,,30/09/2026 05:34
a51f449f-a9ce-447f-8cba-d42b33163106,priestley.mom,available,1.99,26.97,medium,low,9,dynadot,,,29/09/2026 07:23
40b2ffdf-5ca2-4b4c-8c4c-d9d9f8a2574a,corrupt.mom,available,1.8,45.98,high,low,7,namecheap,,,23/09/2026 23:53
035d362a-671f-4a8a-b94a-f66f6c99204e,graphite.mom,available,1.8,45.98,high,low,8,namecheap,,,24/09/2026 01:02
eecd7216-4b9d-456a-b73c-25f127583656,syllabic.mom,available,1.8,45.98,high,low,8,namecheap,,,11/09/2026 05:58
727390c6-70cd-41fc-a440-9d11fdb20228,trickily.mom,available,1.8,45.98,low,low,8,namecheap,,,14/09/2026 09:11
fff2defe-4d30-4fc7-8061-5e577d18b595,lions.mom,premium,2500,,high,low,5,name.com,,,
0f7995ab-3bfa-4247-b71d-0aa1860c397b,biomass.mom,available,1.8,45.98,high,low,7,namecheap,,,23/09/2026 18:29
1f2653a8-2a18-4825-a174-7a7aee9f39fd,waterfowl.mom,available,1.99,27.99,high,low,9,namesilo,,,19/09/2026 17:39
0d0b6041-92ad-41bb-b07a-650a5be6f9be,baize.mom,available,1.8,45.98,medium,low,5,namecheap,,,21/09/2026 19:59
26a64c7c-ef86-4f44-abf8-34252458fcde,successive.mom,available,1.8,45.98,high,low,10,namecheap,,,10/09/2026 04:29
7ab6666d-a6e7-4f74-af94-d6a9ab61670b,sailing.mom,available,1.8,45.98,high,low,7,namecheap,,,10/09/2026 00:37
3ca9a791-5623-45c7-924f-b82489026099,elton.mom,available,1.8,45.98,high,low,5,namecheap,,,27/09/2026 19:29
2bc41189-b369-4be4-b212-d822b7398fb4,ogden.mom,available,1.99,27.99,medium,low,5,namesilo,,,25/09/2026 03:51
bce4bbfa-a5de-48aa-8e2f-8f95ce93d5b2,spermatic.mom,available,1.8,45.98,high,medium,9,namecheap,,,10/09/2026 15:31
3ab70611-8f3e-4b3f-ad76-bcb698c4fb45,flexile.mom,available,1.8,45.98,medium,low,7,namecheap,,,18/08/2026 08:06
169c96f8-ff49-4986-828b-eaeee8b30255,pampering.mom,available,1.8,45.98,high,low,9,namecheap,,,05/09/2026 00:29
2876e4e3-398d-49ef-9547-757d29dd6cd9,isoclinic.mom,available,1.8,45.98,medium,low,9,namecheap,,,22/08/2026 11:02
b2a7c47d-7f32-4b53-bfff-55ccb55d9534,approving.mom,available,1.8,45.98,high,low,9,namecheap,,,06/08/2026 08:49
26c9bc19-dd2d-4f43-80f6-487a8f8adf2a,debonair.mom,available,1.8,45.98,high,low,8,namecheap,,,12/08/2026 05:58
d6db0f81-9ef7-44e4-96c0-1fa57046e8ab,alterable.mom,available,1.99,27.99,medium,low,9,namesilo,,,22/09/2026 02:18
15d42682-d9f4-446e-b410-cf1ed7c4c648,emancipation.mom,available,1.99,27.99,high,low,12,namesilo,,,01/10/2026 15:38
019e262f-2aab-4cf0-8e01-6cf9ef80b365,anionic.mom,available,1.8,45.98,medium,low,7,namecheap,,,
a4f1fe15-c395-49f1-a55a-f9e43cdbcc57,specific.mom,available,1.8,45.98,high,low,8,namecheap,,,27/09/2026 02:45
68586d23-a2f6-4f1d-b950-d03d0854342f,redeem.mom,available,1.24,26,high,low,6,spaceship,,,30/09/2026 02:39
3fd41736-d47f-481d-b2d4-3df531f2c5fd,abenaki.mom,available,1.8,45.98,high,low,7,namecheap,,,
cd43a4a8-0110-47ce-96e7-562ef6ab246c,visits.mom,available,1.24,26,medium,low,6,spaceship,,,28/09/2026 13:15
a9e30c78-2ce2-449c-a78a-7e5138a38919,kia.mom,premium,2070.2,2070.2,high,low,3,spaceship,,,29/09/2026 20:51
1d5fe7b1-e72d-404a-a44d-fedccbb79364,legato.mom,available,1.8,45.98,high,low,6,namecheap,,,22/08/2026 22:53
6c03a044-49dd-4dcb-a5f5-712776727514,thud.mom,available,1.8,45.98,medium,low,4,namecheap,,,11/09/2026 15:12
ca7e03b9-cafe-495c-bc86-406240969d17,recruits.mom,available,1.24,26,medium,low,8,spaceship,,,29/09/2026 17:46
3e076e0f-4a90-4b5d-a412-858c3cfebfb7,wobbling.mom,available,1.8,45.98,medium,low,8,namecheap,,,13/09/2026 12:52
ac237ded-dee4-462d-b782-6dcd670e1936,essex.mom,available,1.99,27.99,high,low,5,namesilo,,,25/09/2026 05:41
ca86cf2b-dbb7-4f54-ad92-f804064b2e17,warwick.mom,available,1.99,27.99,high,low,7,namesilo,,,25/09/2026 05:09
2f781cd6-406a-4b68-aae3-a06d329cf870,fec.mom,available,1.99,26.97,high,low,3,dynadot,,,30/09/2026 13:10
b560bf1a-1c94-4a6a-8b19-a6e371a74230,immoral.mom,available,1.8,45.98,medium,low,7,namecheap,,,21/08/2026 21:10
aab27aaf-4bac-4fbb-8113-05b040c2bca6,vesture.mom,available,1.8,45.98,medium,low,7,namecheap,,,13/09/2026 09:02
9af619ce-3b0a-4e2c-8923-d942f135f7be,agave.mom,available,1.8,45.98,high,low,5,namecheap,,,17/09/2026 16:37
0c2b9e9b-dcc7-4c2d-821d-e97c96decbe7,tawny.mom,available,1.8,45.98,high,low,5,namecheap,,,11/09/2026 09:19
c723c73e-d003-4dab-9ba6-fdc0b660e5c6,neotenous.mom,available,1.8,45.98,low,low,9,namecheap,,,03/09/2026 15:33
e5f91303-0544-4f48-8e3e-9c3d76585edf,clinton.mom,premium,832,832,high,low,7,namesilo,,,23/09/2026 15:58
06d239df-ac8e-44b6-b4fe-11323eeed265,onionskin.mom,available,1.8,45.98,medium,low,9,namecheap,,,18/08/2026 08:17
246d48c7-3206-4839-b604-445e97283267,burgos.mom,available,1.99,27.99,medium,low,6,namesilo,,,29/09/2026 09:52
b9b3e8ab-9736-4709-96d0-1887272d7375,gregarious.mom,premium,812.5,812.5,high,low,10,name.com,,,20/08/2026 19:56
e0675a7c-8ca1-4278-9823-e66e8f34028f,fracture.mom,available,1.99,54.99,high,low,8,godaddy,,,28/09/2026 01:53
08ed0735-d350-4346-a067-e895c65d287b,bill.mom,resell,,,high,low,4,Dynadot Inc,27/01/2026 00:30,27/01/2027 23:59,26/09/2026 04:25
d388b1e7-7f28-4efa-9c9f-c8ab026b83e7,splay.mom,available,1.8,45.98,medium,low,5,namecheap,,,10/09/2026 16:06
460b246d-67c4-43d2-ada9-4fc7d9bcc53c,washout.mom,available,1.8,45.98,medium,low,7,namecheap,,,14/08/2026 20:57
398d1923-0591-4019-acfd-fb49cdbe8c6f,starred.mom,available,1.8,45.98,medium,low,7,namecheap,,,07/08/2026 08:52
5c1df915-0950-4422-8a1a-355354031c8d,tenth.mom,available,1.99,27.99,high,low,5,namesilo,,,21/09/2026 11:17
8d8b247b-17f7-4ea9-a4e4-e29215258f60,hastily.mom,available,1.8,45.98,medium,low,7,namecheap,,,14/09/2026 23:06
661a97cb-4ac4-4c09-aced-e575b1b7fcf0,fixtures.mom,available,1.24,26,medium,low,8,spaceship,,,30/09/2026 00:04
0fec4bf7-2818-4e61-81be-8c7794776d3d,dine.mom,available,1.99,27.99,high,low,4,namesilo,,,29/09/2026 14:13
073963f5-65df-4934-a275-589355d95d36,fordham.mom,available,1.99,27.99,high,low,7,namesilo,,,27/09/2026 07:54
cda943b9-623f-4b66-b459-deb56ab08644,cyclonic.mom,available,1.99,51.99,medium,low,8,name.com,,,13/08/2026 13:42
7e17f3ec-7e01-462a-ae63-2e03536a9d92,subsaharan.mom,available,1.24,26,medium,low,11,spaceship,,,30/09/2026 12:27
adb21f83-5227-44ee-8687-e2bf4872bd96,bauxite.mom,available,1.99,27.99,medium,low,7,namesilo,,,22/09/2026 16:42
77e01bec-c642-4e08-8a0a-3009e8d5b6c4,prototypes.mom,available,1.24,26,medium,low,10,spaceship,,,30/09/2026 23:24
059399e1-a279-4545-9096-48a3e0421638,pumping.mom,available,1.8,45.98,high,low,7,namecheap,,,17/09/2026 18:09
9d58602a-b69e-4394-a3e0-59e10fa691ad,provencal.mom,available,1.8,45.98,medium,low,9,namecheap,,,09/09/2026 04:28
3f61d2d6-0b2f-414e-963f-d8e7747fcf8f,spinal.mom,available,1.8,45.98,high,medium,6,namecheap,,,10/09/2026 15:38
5d14398b-4caa-413c-9bd4-52a23b2ab5dd,conjoint.mom,available,1.8,45.98,medium,low,8,namecheap,,,12/08/2026 22:05
566df61d-f4e5-4c51-befe-87fdccd82164,because.mom,available,1.8,45.98,high,low,7,namecheap,,,30/09/2026 21:38
4360a604-0468-40e6-b855-63dd9cf66811,plausibly.mom,available,1.8,45.98,medium,low,9,namecheap,,,14/09/2026 09:28
6656be5f-8bea-4d82-8928-9eb486b31b71,goosebumps.mom,available,1.99,27.99,medium,low,10,namesilo,,,19/09/2026 00:04
ef0e0019-3787-498d-a027-52d8a4d50101,missed.mom,available,1.8,45.98,medium,low,6,namecheap,,,25/08/2026 01:45
5f5bad88-55d9-4b1d-bda8-004105eaa516,census.mom,available,1.99,27.99,high,low,6,namesilo,,,24/09/2026 13:32
b9d7720c-b6d8-4d53-91c7-039cca237123,clarifying.mom,available,1.8,45.98,high,low,10,namecheap,,,12/08/2026 09:37
ae815956-01a7-4089-bb24-f71f29860e86,riviera.mom,available,1.99,26.97,high,low,7,dynadot,,,30/09/2026 18:32
f0b65f5c-00a9-4a91-a448-0a96fffaaf62,swings.mom,available,1.24,26,medium,low,6,spaceship,,,29/09/2026 05:46
f9f6b343-f7d2-446c-82ae-2b311f94733b,shasta.mom,available,1.99,27.99,medium,low,6,namesilo,,,28/09/2026 14:55
94ee2c15-c799-4541-ab65-873ba07ae561,safest.mom,available,1.99,27.99,high,low,6,namesilo,,,20/09/2026 20:39
3edff4cb-0b48-4395-8262-98a8647f2526,coquettish.mom,available,1.8,45.98,high,low,10,namecheap,,,13/08/2026 00:44
98bb651a-caaa-4b7b-83ef-7b309444748e,guarding.mom,available,1.99,27.99,medium,low,8,namesilo,,,28/09/2026 12:47
63bbf102-aa03-41b5-b7a6-58a0770f6ab5,squared.mom,available,1.8,45.98,high,low,7,namecheap,,,10/09/2026 17:27
f7c767de-8c5f-4296-8a1b-cfd10a0ec6bb,wallet.mom,resell,,,high,medium,6,Porkbun LLC,06/08/2022 16:03,06/08/2027 23:59,29/09/2026 02:45
83d5a04f-965b-4c05-946b-2a2100b50dfe,emmet.mom,available,1.99,27.99,medium,low,5,namesilo,,,19/09/2026 12:15
27a758a9-6f16-450e-8769-597e6590f70f,reaching.mom,available,1.8,45.98,high,low,8,namecheap,,,20/09/2026 09:16
520fda7c-2815-4c2a-92ca-5f754fdf12da,yon.mom,available,1.8,45.98,medium,low,3,namecheap,,,13/09/2026 14:47
86032bd0-b642-4da2-81f6-2f689ee2b12c,jesting.mom,available,1.8,45.98,high,low,7,namecheap,,,22/08/2026 12:52
d6c4a5a3-44f2-484d-b343-13f76fd02f69,hub.mom,premium,845,845,high,medium,3,namecheap,,,29/09/2026 23:12
f88d527c-b72e-4e04-84b5-fc0c51947cd5,piper.mom,premium,672.95,672.95,high,low,5,spaceship,,,29/09/2026 00:31
5b34af5e-6b18-40ab-8853-ba82e298d4c9,nhs.mom,available,1.54,26.26,high,low,3,porkbun,,,28/09/2026 07:40
b25f3ce1-770d-4108-ac7f-54132e2570dd,sulfuric.mom,available,1.8,45.98,medium,low,8,namecheap,,,11/09/2026 01:29
782834bc-a3a5-4845-ab3e-6993ec8ad52c,abelia.mom,available,1.99,27.99,medium,low,6,namesilo,,,16/09/2026 15:02
bc13a4b0-fa50-46f0-babf-5e52b0bc36ee,transition.mom,available,1.54,26.26,high,low,10,porkbun,,,28/09/2026 09:22
7d4504c1-1f8b-48c9-8c09-6dc722dc3784,arras.mom,available,1.8,45.98,medium,low,5,namecheap,,,20/09/2026 08:49
d43b59b8-2f2d-443e-b239-8962e1b00697,fidgety.mom,available,1.8,45.98,medium,low,7,namecheap,,,05/08/2026 20:32
9d9cdb09-12da-4462-ae8c-6641ed473a89,fey.mom,available,1.8,45.98,medium,low,3,namecheap,,,16/08/2026 03:39
39a917cb-1294-4271-b7cf-708eba9a356f,zimbabwean.mom,available,1.8,45.98,high,low,10,namecheap,,,13/09/2026 15:19
fc832b66-ec13-48c6-b05b-c48d99a86d8f,autocrat.mom,available,1.99,27.99,medium,low,8,namesilo,,,21/09/2026 06:11
962c2068-f609-4a46-93ac-bc83adb28f25,cherubic.mom,available,1.8,45.98,high,low,8,namecheap,,,12/08/2026 04:25
9943f930-862b-417e-ba4c-e2dc36be7ffd,bezique.mom,available,1.99,27.99,medium,low,7,namesilo,,,23/09/2026 12:24
051e870e-761e-4f49-83d6-1c2e17f6faa6,germicidal.mom,available,1.8,45.98,medium,low,10,namecheap,,,08/08/2026 07:07
d5d5249a-f8f1-4f71-887b-243484a49b91,literatim.mom,available,1.8,45.98,medium,low,9,namecheap,,,15/09/2026 12:34
a8369739-aef0-48dd-b20b-2a385a9ed692,acacia.mom,available,1.8,45.98,high,low,6,namecheap,,,16/09/2026 19:59
eb1f24be-52c2-44ec-ac7e-cb1f70ef9c1d,elevate.mom,available,1.24,26,high,medium,7,spaceship,,,30/09/2026 10:25
54f4ec3d-a2bf-4217-9bda-6a3ab76e5036,incision.mom,available,1.24,26,high,low,8,spaceship,,,30/09/2026 01:58
b39e8eb3-8e87-49ee-a227-412fe974590e,received.mom,available,1.99,27.99,high,low,8,namesilo,,,27/09/2026 10:43
1e3f44ef-89f9-448f-9313-2688a17c546b,keyser.mom,available,1.54,26.26,medium,low,6,porkbun,,,01/10/2026 11:13
c10a37d3-91c3-4e24-8674-f6d6dc7d8e80,laborious.mom,available,1.8,45.98,medium,low,9,namecheap,,,06/08/2026 17:00
5209fb33-ca7b-45fc-8277-f3f427a8b823,blueprint.mom,resell,,,high,high,9,,,,29/09/2026 11:42
8d8d4a26-533f-4367-af06-71b5350cb378,girl.mom,premium,710.1,710.1,high,low,4,porkbun,,,29/09/2026 13:16
f13ff8df-b12a-4cb6-b4d1-2adb0fd573ef,magyar.mom,available,1.8,45.98,high,low,6,namecheap,,,21/08/2026 15:41
dd0724e7-97ba-47b8-9127-298f44828331,textures.mom,available,1.8,45.98,medium,low,8,namecheap,,,20/09/2026 19:34
dc965f61-5ee2-4e9c-bc58-24bfe5bd0ea8,wires.mom,available,1.24,26,medium,low,5,spaceship,,,28/09/2026 04:36
9a3cda2d-b276-4fb8-84d3-487ebedef8e4,snapping.mom,available,1.99,27.99,high,low,8,namesilo,,,01/10/2026 23:49
856c5d1d-5a55-4f59-9aa3-3103422690c5,abyssinian.mom,available,1.8,45.98,high,low,10,namecheap,,,16/09/2026 19:54
31559732-a5e1-4d2e-a3cb-a4cfd7d58189,youths.mom,available,1.99,54.99,medium,low,6,godaddy,,,01/10/2026 00:09
758f4aeb-17c2-49ef-b68e-8b0ef4ead7e1,charlestown.mom,available,1.54,26.26,medium,low,11,porkbun,,,28/09/2026 12:26
de97a904-875f-4f48-a3a2-dc617474a36b,acropora.mom,available,1.99,27.99,medium,low,8,namesilo,,,17/09/2026 03:57
6f874803-f04b-4041-8628-ecf3719d355d,detectable.mom,available,1.8,45.98,high,low,10,namecheap,,,14/08/2026 04:42
b827d597-1629-416d-ba1c-3f020e02340d,subsequent.mom,available,1.8,45.98,high,low,10,namecheap,,,11/09/2026 00:44
651089db-24d5-44ad-8e75-9ee0ec3346cb,fooled.mom,available,1.99,26.97,low,low,6,dynadot,,,29/09/2026 04:52
504b3ef0-86eb-4222-852e-b31aec29b314,bated.mom,available,1.8,45.98,medium,low,5,namecheap,,,09/08/2026 00:22
eadf662c-39d1-4c70-86a4-3928b0ce435a,systematically.mom,available,1.99,,medium,low,14,name.com,,,
24528120-0783-499d-bbb9-8964740734b8,inflated.mom,available,1.8,45.98,medium,low,8,namecheap,,,21/08/2026 08:47
c4690771-f3ae-4cc6-ad5a-773b26441b6c,polities.mom,available,1.99,27.99,low,low,8,namesilo,,,02/10/2026 02:06
b019010a-b96d-4475-8511-82c135865a9e,alecto.mom,available,1.99,27.99,medium,low,6,namesilo,,,18/09/2026 04:50
1c327edb-8c1f-4267-945c-692eab605f07,affect.mom,available,1.99,27.99,high,low,6,namesilo,,,27/09/2026 05:35
34377cde-bd85-431d-a68a-b1ddc382f8a1,inscription.mom,available,1.24,26,high,low,11,spaceship,,,29/09/2026 15:57
c5f1d650-8810-4841-919d-69c69493ba3b,ashir.mom,available,1.99,27.99,medium,low,5,namesilo,,,20/09/2026 13:53
00a8242b-8fa7-4212-9f77-be9657c6c77f,trespassing.mom,available,1.99,27.99,high,low,11,namesilo,,,01/10/2026 17:05
792c6cc0-d5a8-4deb-8de3-2364cb2222f0,divert.mom,available,1.8,45.98,high,low,6,namecheap,,,24/09/2026 07:57
e52cd545-6e36-4a6b-bc06-79fe1f1ac5d9,woe.mom,available,1.99,26.97,high,low,3,dynadot,,,30/09/2026 19:07
d0c66931-befe-4d42-b7c2-f525562ff391,bonneville.mom,available,1.24,26,medium,low,10,spaceship,,,28/09/2026 16:50
4d387262-ac42-4cdd-ba0f-7aa77d5f04b3,comb.mom,available,1.99,27.99,high,low,4,namesilo,,,24/09/2026 16:22
742b5dc3-5b73-4e3c-9a25-c1bbcfd85844,going.mom,available,1.99,27.99,high,low,5,namesilo,,,24/09/2026 22:35
3ec74af6-63ac-4a00-b3bd-ac57bc70be3b,emo.mom,premium,832,832,high,low,3,namesilo,,,01/10/2026 04:45
3e58c5eb-0667-4073-ab3a-41477c6beafb,assayer.mom,available,1.99,27.99,medium,low,7,namesilo,,,20/09/2026 15:59
43155bd4-0ca3-4922-89aa-5e685f07b0f0,anhedonia.mom,available,1.99,27.99,medium,low,9,namesilo,,,19/09/2026 07:46
d20c31d4-22e0-4505-8ce8-b388df9da349,christly.mom,available,1.8,45.98,medium,low,8,namecheap,,,12/08/2026 07:21
af6cc51d-8991-4b16-8543-edf325460f7e,bunker.mom,premium,2660,2660,high,low,6,namesilo,,,28/09/2026 05:21
2c206809-18f7-4d62-b5f4-43cfce2be887,pavement.mom,available,1.54,26.26,high,low,8,porkbun,,,29/09/2026 07:50
d77e4cb3-d98f-4fb3-863c-3b135cf688ed,screenshots.mom,available,1.99,27.99,medium,low,11,namesilo,,,20/09/2026 11:10
76629b69-e3c7-46cd-9ade-681c536dc9e9,bellarmine.mom,available,1.8,45.98,medium,low,10,namecheap,,,23/09/2026 05:54
14e94f04-5dd5-4e91-bac4-cb532aee7d2e,pancreas.mom,available,1.99,27.99,high,low,8,namesilo,,,30/09/2026 06:22
a567b4ed-3ac4-485e-99ce-d569919e290f,snuggled.mom,available,1.8,45.98,medium,low,8,namecheap,,,03/09/2026 15:48
caab1713-d140-4d36-9752-87643320e568,veneto.mom,available,1.24,26,high,low,6,spaceship,,,30/09/2026 11:16
a4cb4e37-c0e8-4474-93b9-00c9048457d7,aeolus.mom,available,1.99,27.99,medium,low,6,namesilo,,,17/09/2026 12:36
e469bddf-032a-4087-a779-959d64a07e42,conqueror.mom,available,1.8,45.98,high,low,9,namecheap,,,24/09/2026 17:25
161d257c-d765-4fce-8903-0841370f3e48,anonym.mom,available,1.99,27.99,medium,low,6,namesilo,,,19/09/2026 11:37
58e0f91f-a416-4515-a2a8-d0c702945370,marks.mom,premium,710.1,710.1,high,low,5,porkbun,,,29/09/2026 19:25
c29435b2-fa6b-411a-86ee-a6113b759fbd,fowler.mom,premium,832,832,medium,low,6,namesilo,,,02/10/2026 04:56
d843494c-da08-40ed-a7f9-c6457adc8b12,blessedly.mom,available,1.8,45.98,medium,low,9,namecheap,,,14/09/2026 00:19
0a971dcf-2b8d-464c-b31a-f9cff9580ff6,bine.mom,available,1.99,27.99,medium,low,4,namesilo,,,23/09/2026 17:13
1646ed45-0731-4d08-aff9-d1ca6509c59a,spoilt.mom,available,1.8,45.98,medium,low,6,namecheap,,,10/08/2026 14:19
e97a69ea-f6f6-4a45-bbc1-f8a5f789a494,instagrammable.mom,available,1.99,,medium,low,14,name.com,,,
23b5bbdd-3010-44ef-bd31-ff261fe2e854,postcard.mom,premium,2660,2660,high,low,8,namesilo,,,29/09/2026 13:21
c001f21f-cd97-4351-bcfe-49fece394ee4,peregrine.mom,premium,2500,2500,medium,low,9,name.com,,,25/08/2026 02:20
03c37b9f-cf10-479a-b9da-da58c48bac45,tellurium.mom,available,1.99,27.99,medium,low,9,namesilo,,,20/09/2026 23:13
2784e47e-f446-49c3-87ca-1bd2519cceaf,ahn.mom,available,1.24,26,medium,low,3,spaceship,,,30/09/2026 20:22
7915eb0d-a9d2-424c-ba1b-a1c508538ae4,gunther.mom,available,1.8,45.98,medium,low,7,namecheap,,,29/09/2026 15:16
eb2b4743-7d3b-433c-9784-3873ebb43eb7,instead.mom,available,1.24,26,medium,low,7,spaceship,,,28/09/2026 12:08
38cf6794-bba1-4159-96da-88946b2b25bd,ribbons.mom,available,1.99,27.99,medium,low,7,namesilo,,,20/09/2026 07:05
98f0e068-a410-4611-856d-0e6b8ccd6166,forging.mom,available,1.24,26,high,low,7,spaceship,,,30/09/2026 17:22
57de5890-0c0d-4925-84ed-08a8d44e822b,inadequate.mom,available,1.8,45.98,medium,low,10,namecheap,,,22/08/2026 00:12
59676cd1-b538-4f0b-8c64-330f4fd7d806,chattel.mom,available,1.8,45.98,medium,low,7,namecheap,,,25/08/2026 09:00
040cca2c-e232-4ad1-b546-01fa8b450a22,disrepair.mom,available,1.99,27.99,medium,low,9,namesilo,,,24/09/2026 23:02
9738f933-739a-46d0-8deb-e0c637bd76d0,gallen.mom,available,1.24,26,medium,low,6,spaceship,,,01/10/2026 07:14
892c91d7-2c7b-4036-a5d9-bbd44a6f79c5,regarded.mom,available,1.8,45.98,high,low,8,namecheap,,,01/10/2026 19:17
c2812fd7-65d2-4b5d-ab0e-402ec90d1201,barcarolle.mom,available,1.99,27.99,medium,low,10,namesilo,,,22/09/2026 05:06
e44a4b33-03ae-4366-8d31-1a4f90bed100,belmont.mom,available,1.99,27.99,high,low,7,namesilo,,,23/09/2026 06:57
8edb98bd-779f-4409-9377-90524aae39dc,lawful.mom,available,1.8,45.98,high,low,6,namecheap,,,22/08/2026 21:21
f0c03526-75ea-4714-a395-439620cf5346,phrasal.mom,available,1.8,45.98,high,medium,7,namecheap,,,08/09/2026 19:19
87cf8e44-212a-4b24-a3a7-d5a6397dbbe1,windswept.mom,available,1.8,45.98,medium,low,9,namecheap,,,13/09/2026 12:16
8133b070-571a-4982-85b5-f5a55ec87af0,labial.mom,available,1.8,45.98,medium,low,6,namecheap,,,22/08/2026 17:19
4a96bddb-e1e3-45d9-a5e4-f62056f09e55,whyte.mom,available,1.24,26,high,low,5,spaceship,,,29/09/2026 10:00
99b0f7f4-0c26-42c1-ab34-d2f270615800,simon.mom,premium,2660,2660,high,medium,5,namesilo,,,25/09/2026 07:17
8a12b330-a9c0-404f-86f8-aebd90637d2e,upstate.mom,available,1.99,27.99,high,low,7,namesilo,,,16/09/2026 10:25
016a5a15-7d01-4bd1-9683-ef1f44ef7c2c,biracial.mom,available,1.8,45.98,high,low,8,namecheap,,,10/08/2026 05:42
220947c0-2833-4c91-bded-b06076d6400d,cambria.mom,available,1.24,26,high,low,7,spaceship,,,29/09/2026 18:09
b184eab3-c1a4-4eba-977b-dca4e39f8116,gripping.mom,available,1.99,27.99,high,low,8,namesilo,,,21/09/2026 15:05
8b970bef-c855-4433-9288-88075ae2b235,dataflows.mom,available,1.99,27.99,low,low,10,namesilo,,,21/09/2026 05:22
e80bbab2-8448-4762-9659-29eb03bf6d74,occurrent.mom,available,1.8,45.98,medium,low,9,namecheap,,,04/09/2026 00:18
2decf9b4-248b-4f86-863f-c2ab537120dd,hindenburg.mom,available,1.54,26.26,medium,low,10,porkbun,,,29/09/2026 19:09
f371fc5e-7036-44ac-b0d1-36c69c1dc545,energy.mom,premium,832,832,high,medium,6,namesilo,,,01/10/2026 16:04
efc89234-50f3-458e-9d54-b4441afb5f37,dike.mom,available,1.8,45.98,medium,low,4,namecheap,,,11/08/2026 11:33
248d921f-0974-441b-bf43-06cd3074868e,tasting.mom,available,1.99,26.97,high,low,7,dynadot,,,29/09/2026 13:40
93e8db0e-390a-43ea-8fff-18da1e0d5cfc,oliver.mom,premium,832,832,high,low,6,namesilo,,,25/09/2026 08:05
65c79ee2-a1b5-4da6-bf54-781e63255867,mich.mom,available,1.24,26,high,low,4,spaceship,,,29/09/2026 14:29
c0c4850f-881a-4c4f-96c9-cbff27f86c91,concludes.mom,available,1.99,26.97,medium,low,9,dynadot,,,29/09/2026 05:51
cd2b8862-fb87-45b2-96cc-643cbfe98e2c,judaism.mom,available,1.99,27.99,high,low,7,namesilo,,,01/10/2026 02:27
280640cb-de67-4c21-9c8a-511d92f8da1e,cumulous.mom,available,1.8,45.98,medium,low,8,namecheap,,,13/08/2026 10:30
993d2259-fa7f-4c9e-a5f8-312cf5e60b49,pillock.mom,available,1.8,45.98,low,low,7,namecheap,,,10/09/2026 23:13
e13363cd-7db4-4bf1-8632-67fe823c590a,anseres.mom,available,1.99,27.99,medium,low,7,namesilo,,,19/09/2026 12:08
c5d3094e-325d-49df-974a-03965f21bd72,gland.mom,available,1.99,27.99,medium,low,5,namesilo,,,29/09/2026 07:05
66b10fa3-e57c-4d54-9453-e702f865c7dd,whaling.mom,available,1.99,27.99,medium,low,7,namesilo,,,02/10/2026 01:17
f9a8219d-c86e-4f8c-b1aa-c5ade8e3f088,thea.mom,available,1.24,26,high,low,4,spaceship,,,30/09/2026 11:10
6e880c68-cd0b-4dd7-80e2-c69a2be03d85,particle.mom,available,1.8,45.98,high,low,8,namecheap,,,24/09/2026 18:19
e6ace38f-5302-4c2c-b5e9-93a4840a12d4,swampy.mom,available,1.8,45.98,medium,low,6,namecheap,,,10/08/2026 17:18
d223c538-67d6-4608-8d23-d992a687df1d,elections.mom,available,1.99,27.99,medium,low,9,namesilo,,,29/09/2026 05:09
5907fc85-3628-45c4-80d7-db5df1986490,arabs.mom,premium,2600,2600,medium,low,5,namecheap,,,29/09/2026 11:16
b709bfa9-2414-4723-bac1-0b5e6ccb2ee6,digging.mom,available,1.24,26,high,low,7,spaceship,,,27/09/2026 13:02
3cd88b97-e287-4828-bd41-108522ee6af9,vegetative.mom,available,1.8,45.98,medium,low,10,namecheap,,,13/09/2026 01:44
0c78863a-6709-4e77-a3b4-cd8e16d6f5a1,miriam.mom,available,1.99,27.99,high,low,6,namesilo,,,28/09/2026 03:46
74b31a9a-67ea-435b-b2a2-654954c497db,hair.mom,premium,710.1,710.1,high,low,4,porkbun,,,29/09/2026 20:14
b732c5e7-a250-407e-97d6-5813483555e9,equanimity.mom,available,1.8,45.98,high,low,10,namecheap,,,11/08/2026 14:58
38d7ab2f-ab01-42de-bc6b-00ffb45f226d,davids.mom,premium,2070.2,2070.2,high,low,6,spaceship,,,01/10/2026 15:28
4e4b317e-3338-4f93-b6e3-9798fcbacdbf,sakhalin.mom,available,1.24,26,medium,low,8,spaceship,,,30/09/2026 21:09
fce8a7b0-a875-413c-8c94-05410e9ee009,please.mom,premium,845,845,high,low,6,namecheap,,,15/09/2026 20:27
33c6f486-920e-409f-a6fb-8384f9f79652,waged.mom,available,1.24,26,low,low,5,spaceship,,,01/10/2026 18:17
20cdc49a-9ff6-4d68-88ef-91806a041d39,tamely.mom,available,1.99,27.99,medium,low,6,namesilo,,,16/09/2026 07:53
c52912b6-7699-4782-9d60-0ed421471dc6,meditative.mom,available,1.8,45.98,high,low,10,namecheap,,,11/08/2026 05:56
8332fe6b-dd7e-4b55-b9cb-aad95beb5686,peiping.mom,available,1.99,27.99,medium,low,7,namesilo,,,23/09/2026 04:16
a36fb3e2-4498-44a3-8ae5-56e4b53fced5,battler.mom,available,1.8,45.98,medium,low,7,namecheap,,,09/08/2026 13:32
c01453fc-24aa-4a14-a63c-44a841ad908d,yankees.mom,available,1.99,26.97,high,medium,7,dynadot,,,28/09/2026 05:11
b13ccbf0-ed7b-4d92-947d-b87a15f53cea,johan.mom,available,1.24,26,high,low,5,spaceship,,,27/09/2026 18:44
3a0cc697-0de4-454c-960e-574a4e34103d,grumbler.mom,available,1.99,27.99,medium,low,8,namesilo,,,23/09/2026 06:49
d79e01d6-fe1c-4324-928c-10f8b00117cc,eventually.mom,available,1.8,45.98,high,low,10,namecheap,,,14/09/2026 16:32
36db4154-ad7f-4d5d-94ab-5541e38311b9,webster.mom,premium,2070.2,2070.2,high,low,7,spaceship,,,28/09/2026 01:45
6b8261d6-8401-4ce2-a00f-f4b0797ccb45,acceptable.mom,available,1.99,27.99,high,low,10,namesilo,,,21/09/2026 15:23
04c64893-296c-4e5c-aa4f-0dbc9676695e,dependency.mom,available,1.99,27.99,medium,low,10,namesilo,,,17/09/2026 06:56
30b309ea-674e-4e53-88b9-d87b4e9cb856,bert.mom,available,1.8,45.98,high,low,4,namecheap,,,25/09/2026 14:48
e3d7710b-09dc-4f32-bfd6-bfcd6e7e6e99,androgenic.mom,available,1.8,45.98,medium,low,10,namecheap,,,
1ba42f06-7f20-4f0a-ac06-a9f835451d48,alupent.mom,available,1.8,45.98,medium,low,7,namecheap,,,18/09/2026 15:17
f30553b3-2c60-4785-a537-06cab83a6354,unchanging.mom,available,1.8,45.98,medium,low,10,namecheap,,,12/09/2026 05:04
742d11b9-647d-4ba0-a07c-ac86479eb5c4,nifty.mom,available,1.8,45.98,high,low,5,namecheap,,,08/08/2026 12:38
4ebd0659-0e45-4deb-a818-7bd198764868,indiana.mom,premium,845,845,high,low,7,namecheap,,,29/09/2026 22:58
5f5d3945-8e06-4d40-8ced-4614aec68867,chapped.mom,available,1.8,45.98,medium,low,7,namecheap,,,12/08/2026 02:20
51b92437-0e46-4cb9-850f-03bfbc2b6780,spacial.mom,available,1.8,45.98,high,medium,7,namecheap,,,10/09/2026 15:08
027d21f2-b27b-4e23-8049-9a97d9b7ed63,phycology.mom,available,1.99,27.99,medium,low,9,namesilo,,,18/09/2026 07:09
02e3eaf1-414f-4966-b580-3fa449d7ac73,pedestrian.mom,available,1.8,45.98,high,low,10,namecheap,,,08/09/2026 12:28
1656d213-19c0-4829-860e-8181ee137f73,leagues.mom,available,1.99,27.99,medium,low,7,namesilo,,,29/09/2026 11:01
a93f8c38-6ba4-4933-a564-0db716a76bd7,minnie.mom,available,1.99,26.97,high,low,6,dynadot,,,29/09/2026 09:12
66563e0e-cca3-405e-985f-1a00f512b122,acheson.mom,available,1.99,27.99,medium,low,7,namesilo,,,17/09/2026 00:31
99c610a8-1b9c-42b5-8edf-98cab484e096,fruiting.mom,available,1.8,45.98,medium,low,8,namecheap,,,18/08/2026 17:04
c5db6ea8-490a-49e7-8ff6-8f9f8caef051,cobra.mom,available,1.54,26.26,medium,low,5,porkbun,,,28/09/2026 13:44
ff35024a-af92-4664-b030-60eade2da31d,guerra.mom,premium,832,832,medium,low,6,namesilo,,,28/09/2026 12:18
02a38b81-33e8-4189-bfab-cab33134de9b,wire.mom,available,1.99,27.99,high,low,4,namesilo,,,29/09/2026 05:42
bb73e428-94dc-4c13-9312-964b90d44229,toned.mom,available,1.8,45.98,medium,low,5,namecheap,,,11/09/2026 17:02
9576964f-f036-4c21-bae0-07083d864683,rife.mom,available,1.8,45.98,medium,low,4,namecheap,,,04/09/2026 20:07
9be1487e-7c7a-478d-8f81-21fdbadd7d3d,spayed.mom,available,1.8,45.98,high,medium,6,namecheap,,,10/09/2026 15:21
483186e0-30ce-47d8-8ffd-05cecc3127a4,scrimmage.mom,available,1.99,27.99,high,low,9,namesilo,,,22/09/2026 16:24
393384ad-ca02-4d07-92a4-01491d83e285,redoubled.mom,available,1.8,45.98,high,medium,9,namecheap,,,09/09/2026 12:22
cacc21e3-a8eb-40f0-bfbb-9cca9113228d,arui.mom,available,1.99,27.99,medium,low,4,namesilo,,,18/09/2026 22:15
f32f4dba-0d32-46a0-a27c-ed726a914920,camouflage.mom,available,1.99,27.99,high,low,10,namesilo,,,29/09/2026 06:05
56d8e57c-597c-44c6-bdd2-fc7ddf1eba97,shark.mom,premium,832,832,high,low,5,namesilo,,,25/09/2026 10:40
2558be5c-9153-4531-84d4-b98f77f28d45,rant.mom,available,1.8,45.98,high,low,4,namecheap,,,24/09/2026 03:37
a500cd23-4425-4f5c-b35c-8916b72c585d,panels.mom,available,1.99,27.99,medium,low,6,namesilo,,,19/09/2026 23:14
911b6344-fcc8-4c50-a56f-c31e990a4b6b,seagoing.mom,available,1.8,45.98,medium,low,8,namecheap,,,04/09/2026 00:24
d401ff78-e4f6-448f-99da-aa5813ac3ab9,plug.mom,available,1.24,26,high,low,4,spaceship,,,29/09/2026 00:52
99cec6aa-04c5-4f26-9b95-6eeff61303cd,automobile.mom,available,1.99,27.99,high,low,10,namesilo,,,28/09/2026 23:26
016aee78-8bd0-4ee4-ad09-0567175a1307,overrun.mom,available,1.24,26,medium,low,7,spaceship,,,29/09/2026 13:37
f4c8a73c-b23a-49e2-bb8e-72ae7e795769,baldwin.mom,premium,845,845,high,low,7,namecheap,,,16/09/2026 12:19
af097357-ff45-44b5-8aa5-85fb4ab3f80e,filesize.mom,available,1.99,27.99,medium,low,9,namesilo,,,
ea113337-4a0e-4646-887c-843841564bdb,scholar.mom,available,1.99,27.99,high,low,7,namesilo,,,20/09/2026 16:28
a4cd950a-5ece-4c16-b4c5-64b8885b70c9,topology.mom,available,1.99,27.99,high,low,8,namesilo,,,19/09/2026 01:59
7fe319db-2f11-4a97-9f58-70dd2642b2b7,cushy.mom,available,1.8,45.98,high,low,5,namecheap,,,13/08/2026 11:58
20a1a038-4c2d-4062-be67-42ec4d7f7cc0,dangerously.mom,available,1.24,26,medium,low,11,spaceship,,,29/09/2026 14:40
a7ba8d68-2eae-46ba-b471-005642da1c18,quadruple.mom,available,1.8,45.98,high,low,9,namecheap,,,18/08/2026 13:24
0fdd571c-0fd5-4b4c-b813-70657a73e714,stood.mom,available,1.99,,medium,low,5,name.com,,,
0dde13b2-ded9-4643-b45b-744ea11cf910,unnoted.mom,available,1.8,45.98,medium,low,7,namecheap,,,04/09/2026 21:08
50148777-6a9d-472c-83e2-169f4aeff478,incan.mom,available,1.8,45.98,medium,low,5,namecheap,,,22/08/2026 00:44
cde67ee0-fdfc-49f3-97b5-98ece97213a0,speech.mom,available,1.54,26.26,high,low,6,porkbun,,,28/09/2026 18:08
790b76e4-9ddb-4cf8-ad8e-a77c24c2a6be,warring.mom,available,1.8,45.98,medium,low,7,namecheap,,,13/09/2026 08:11
d021102e-3b57-43ff-99fb-f70ab36cd8e8,graven.mom,available,1.8,45.98,medium,low,6,namecheap,,,17/08/2026 07:43
dc200abe-4da7-44c6-9963-5bd977be9097,submitted.mom,available,1.99,27.99,medium,low,9,namesilo,,,29/09/2026 10:53
921e1369-23aa-4d1a-a070-22768262d08b,birdbath.mom,available,1.8,45.98,high,low,8,namecheap,,,23/09/2026 20:31
3702bf89-f523-4d3a-a2a7-9e8b7e7e012d,allegedly.mom,available,1.8,45.98,medium,low,9,namecheap,,,13/09/2026 19:04
bb1ea5ed-e96f-4bae-ae96-ea9ecbe59386,hits.mom,available,1.99,27.99,high,low,4,namesilo,,,19/09/2026 23:53
85eb3626-716d-4440-96a8-4c6018439667,nodes.mom,available,1.24,26,medium,low,5,spaceship,,,01/10/2026 18:29
8ef8b72b-a123-4a36-a42a-2be993ef248d,navajo.mom,available,1.99,26.97,high,low,6,dynadot,,,30/09/2026 18:09
6464ab2b-09ac-43e9-a1bd-da1ea1b0cf03,cypriote.mom,available,1.99,51.99,medium,low,8,name.com,,,13/08/2026 14:05
1b17a1c5-9e2b-4cf3-954e-6ebc594dcf0c,commenting.mom,available,1.99,27.99,high,low,10,namesilo,,,01/10/2026 22:00
2fbffc73-2ee9-4cb1-aa68-eaa5978fcf69,catechetic.mom,available,1.8,45.98,medium,low,10,namecheap,,,11/08/2026 21:25
0ff20a63-40f8-4012-8fe0-ad2eb62bd109,delible.mom,available,1.8,45.98,low,low,7,namecheap,,,14/08/2026 00:35
f4423216-c7b0-4085-aa8e-6fde9f96503e,yell.mom,available,1.24,26,medium,low,4,spaceship,,,29/09/2026 12:21
4d1054c2-7e57-49d5-95ed-0cf5ef5a50e9,summarizing.mom,available,1.99,27.99,medium,low,11,namesilo,,,17/09/2026 10:36
1c60e219-d908-498e-b064-8496e3a55167,debonaire.mom,available,1.8,45.98,medium,low,9,namecheap,,,12/08/2026 05:59
4e8517a6-4cb2-4615-bc19-f2e72ef528b1,albee.mom,available,1.8,45.98,medium,low,5,namecheap,,,18/09/2026 02:31
a698e123-d8bb-4eb3-a226-13ff86986c25,tissue.mom,available,1.99,27.99,high,low,6,namesilo,,,27/09/2026 05:43
6954c9de-ada2-48e4-a73d-48f5723f789e,genotype.mom,available,1.24,26,high,low,8,spaceship,,,01/10/2026 19:43
8ebe09a4-5f1a-48eb-a0a6-7b3b403f1225,menu.mom,premium,672.95,672.95,high,medium,4,spaceship,,,29/09/2026 02:40
441b7528-c72d-4523-ba91-bd2c9a53842c,coils.mom,available,1.24,26,medium,low,5,spaceship,,,02/10/2026 03:31
0e1431d3-310f-4f2a-8925-a65ece7a3edb,campbell.mom,premium,2600,2600,high,low,8,namecheap,,,24/09/2026 11:53
0126d295-8010-40b3-8f25-cd583417331f,demure.mom,available,1.8,45.98,high,low,6,namecheap,,,13/08/2026 04:10
b79bee46-1abd-447d-abfc-551dd2f16106,salamanca.mom,available,1.99,27.99,medium,low,9,namesilo,,,28/09/2026 16:27
2732d2df-d3e8-4ef9-906b-1188545db465,aspects.mom,available,1.8,45.98,low,low,7,namecheap,,,28/09/2026 23:07
7568220a-5261-4fa8-882f-257f84e2da54,tongues.mom,available,1.8,45.98,medium,low,7,namecheap,,,18/09/2026 07:52
494a91d2-772e-4a9e-9235-a9ca28dbb353,biotite.mom,available,1.8,45.98,medium,low,7,namecheap,,,23/09/2026 19:13
dac4ef5b-7273-4921-bab4-1c1cba7a20c2,kathmandu.mom,available,1.99,27.99,medium,low,9,namesilo,,,29/09/2026 06:13
38067d2b-33e3-463b-aa5b-322a725ebf74,inhabit.mom,available,1.8,45.98,high,low,7,namecheap,,,24/08/2026 07:51
afe42ac8-6054-47dd-9f95-6ca185de668a,gallus.mom,available,1.99,27.99,high,low,6,namesilo,,,02/10/2026 04:58
eb62c9a1-4c35-405a-8d54-686f78a12704,poetical.mom,available,1.8,45.98,high,low,8,namecheap,,,08/09/2026 22:34
45c41e1d-7b32-424a-aa26-931ba4116908,aslant.mom,available,1.8,45.98,medium,low,6,namecheap,,,07/08/2026 03:56
e874ea4f-6c7e-4591-a1e6-098807c50358,sale.mom,premium,832,832,high,low,4,namesilo,,,29/09/2026 13:09
97535251-bd49-441c-b5a9-f7b411a2c9e4,programmes.mom,available,1.99,27.99,medium,low,10,namesilo,,,20/09/2026 10:20
12dc6c52-32fa-4d3f-ac85-c250bfa9fdc4,darien.mom,available,1.99,27.99,medium,low,6,namesilo,,,30/09/2026 13:31
ebf520a7-3dd8-46c9-b60b-db34c0f3ca92,anson.mom,available,1.24,26,medium,low,5,spaceship,,,28/09/2026 07:57
69d40778-d899-4fa4-b051-ff8185620a3b,epiphany.mom,available,1.99,26.97,high,low,8,dynadot,,,02/10/2026 04:43
e1099831-f5ce-4520-ac5a-0f7e65432449,goodman.mom,available,1.99,27.99,high,low,7,namesilo,,,23/09/2026 08:16
4ae6296c-a4be-4f24-a6ad-12f2539f33e5,acceptance.mom,available,1.8,45.98,high,low,10,namecheap,,,16/09/2026 22:01
167788c2-b6d0-4f11-a0af-fc31569729ca,impelling.mom,available,1.8,45.98,medium,low,9,namecheap,,,21/08/2026 22:04
a28e9d95-03e9-48d5-93d7-b3d192f6962b,inject.mom,available,1.99,26.97,high,low,6,dynadot,,,29/09/2026 20:43
73d9597e-d10a-49df-b2c5-79dd0a0fb8ee,dedicated.mom,available,1.99,27.99,high,low,9,namesilo,,,23/09/2026 20:41
1f621168-e085-4610-afe3-23d43164e887,grammar.mom,available,1.99,26.97,high,low,7,dynadot,,,29/09/2026 21:08
a49e6825-d030-45ce-8821-14088a5e8a80,enraptured.mom,available,1.8,45.98,high,low,10,namecheap,,,14/08/2026 23:46
b1afa9cb-1667-4667-b5a3-3ad351176dee,outraged.mom,available,1.8,45.98,medium,low,8,namecheap,,,22/08/2026 01:03
fe332576-1282-4c01-a9c7-c86fbfa3e317,kinglike.mom,available,1.8,45.98,medium,low,8,namecheap,,,22/08/2026 16:19
244db6bb-5481-4c6b-88b6-fd3292787d63,deductible.mom,available,1.8,45.98,medium,low,10,namecheap,,,13/08/2026 22:27
d593cf32-6da3-49f4-b97e-9fed5a296341,meets.mom,available,1.99,27.99,high,low,5,namesilo,,,27/09/2026 06:26
2660e680-a803-429e-8e06-4cd579a29be7,mev.mom,available,1.24,26,high,low,3,spaceship,,,29/09/2026 10:55
fbf257a3-bca1-422a-8a0b-7cb39509a8a5,zara.mom,premium,2070.2,2070.2,high,high,4,spaceship,,,30/09/2026 07:49
a4601ab0-ee80-497e-b391-98052522f998,defective.mom,available,1.8,45.98,medium,low,9,namecheap,,,13/08/2026 23:06
97d0ce30-02ab-4029-bcc6-5dd8c964a173,jennie.mom,available,1.99,26.97,medium,low,6,dynadot,,,01/10/2026 23:59
300e5b32-dcc7-41f7-8e23-ff5b24c19113,interception.mom,available,1.99,27.99,high,low,12,namesilo,,,01/10/2026 13:24
67dd7989-09d2-4719-87bb-92186bb8dddb,turkmen.mom,available,1.8,45.98,medium,low,7,namecheap,,,11/09/2026 21:19
15751ba2-657d-42d6-b534-8d60daa38962,hancock.mom,premium,845,845,high,low,7,namecheap,,,25/09/2026 06:51
751cb535-05fd-49c9-951e-45d896bff6f9,instincts.mom,available,1.24,26,low,low,9,spaceship,,,28/09/2026 17:50
ec9ae4ea-79f9-4821-9d9c-f8d0fd728395,bankers.mom,premium,2660,2660,medium,low,7,namesilo,,,20/09/2026 11:37
e8dda191-9f7b-43ac-948b-637ea4b940a6,aro.mom,available,1.99,27.99,high,low,3,namesilo,,,30/09/2026 03:42
ffdf16f0-1d54-4a78-9378-ab5786a23ffe,distributors.mom,available,1.24,26,medium,low,12,spaceship,,,02/10/2026 03:29
bb0b58b2-e32c-4fcb-99e6-e51161641a21,fevered.mom,available,1.8,45.98,medium,low,7,namecheap,,,18/08/2026 03:07
883a8b55-e46c-4b58-ae47-ae4e9784c7ed,baric.mom,available,1.8,45.98,low,low,5,namecheap,,,08/08/2026 19:31
c7cf5d8e-e6e7-4433-91da-9d264cf20e74,invaded.mom,available,1.99,27.99,low,low,7,namesilo,,,28/09/2026 23:00
608a1bd1-8f61-4c6e-a97b-c13e1b980ff8,amines.mom,available,1.8,45.98,medium,low,6,namecheap,,,29/09/2026 11:37
f6dfc1f1-a119-443a-8a56-a4713d68dd45,negev.mom,available,1.24,26,medium,low,5,spaceship,,,30/09/2026 18:10
0de640a6-77ae-4f74-97b4-9e72862ada3c,avid.mom,available,1.8,45.98,high,low,4,namecheap,,,07/08/2026 23:21
1f8dfa12-52bf-4c53-8f6d-408ab30c580b,torrey.mom,available,1.24,26,medium,low,6,spaceship,,,29/09/2026 09:58
6c3fdcc6-16be-4e63-a628-48d621ef8ed0,sleepy.mom,available,1.8,45.98,high,low,6,namecheap,,,10/09/2026 10:39
e8a33b61-45c8-4e1b-9c37-92cbea0998b5,banal.mom,available,1.99,51.99,medium,low,5,name.com,,,22/09/2026 16:37
f4b19ca9-6d12-45f1-b684-4823f97fa707,vans.mom,premium,2660,2660,medium,low,4,namesilo,,,18/09/2026 22:44
c133365e-dad5-4a98-a0bf-7ef7c3723ae6,capra.mom,available,1.99,26.97,high,low,5,dynadot,,,01/10/2026 18:54
4b254bca-3704-4dc6-89e1-7a0fa2a06203,libertine.mom,available,1.99,51.99,medium,low,9,name.com,,,13/08/2026 20:22
ddf9273a-5a32-489b-8e3c-bce3fab921c1,penniless.mom,available,1.8,45.98,medium,low,9,namecheap,,,21/08/2026 00:34
9207cac9-dc77-4aab-8c62-dad6d01014de,davie.mom,premium,672.95,672.95,high,low,5,spaceship,,,29/09/2026 22:14
e94c636a-1ae1-43d8-9418-d44f9f0240b7,tufted.mom,available,1.8,45.98,medium,low,6,namecheap,,,11/08/2026 13:14
f9221051-fe0b-48f1-ab62-643a4934b0f8,toughened.mom,available,1.8,45.98,medium,low,9,namecheap,,,11/09/2026 10:54
8dcc4a9a-4741-480b-b2c7-de026a81843c,zamang.mom,available,1.99,27.99,medium,low,6,namesilo,,,18/09/2026 03:18
f050d7fc-c8a6-4902-bd9a-e4bc5998b729,risque.mom,available,1.8,45.98,medium,low,6,namecheap,,,18/08/2026 20:02
ca3bfee1-1ab8-43de-ad5f-03a638d43f6a,dominion.mom,premium,2660,2660,high,low,8,namesilo,,,24/09/2026 23:09
6d4a1976-95a3-4e7e-b06d-7aa0ab9345df,freehand.mom,available,1.8,45.98,high,low,8,namecheap,,,18/08/2026 14:55
3baf80f6-e1f4-4652-a012-3ef0fe2aeda3,merged.mom,available,1.8,45.98,high,low,6,namecheap,,,22/08/2026 01:59
5e9ec9f0-5c57-4974-a8d2-f6685a263545,loathing.mom,available,1.99,51.99,medium,low,8,name.com,,,16/09/2026 15:27
ec9a8e00-e22d-4f9e-86e2-1a2c889524cf,roadside.mom,available,1.99,27.99,high,low,8,namesilo,,,29/09/2026 13:53
19fc44df-9a94-4d1e-9820-30986b2e4d3e,mccall.mom,premium,672.95,672.95,high,low,6,spaceship,,,27/09/2026 21:08
a96d3290-d8bf-40b1-aeb5-0e3b6ccdb688,run.mom,premium,832,832,high,medium,3,namesilo,,,19/09/2026 07:07
330159da-d6ae-4780-bff9-b67036ea3839,mickey.mom,available,1.99,27.99,high,low,6,namesilo,,,25/09/2026 09:22
83dbbbe0-c74c-4af3-8f65-4d47c5ae6070,various.mom,available,1.99,27.99,high,low,7,namesilo,,,28/09/2026 10:11
b42d7970-79c5-4f2e-a3ee-a8c58f576ac3,christi.mom,available,1.8,45.98,medium,low,7,namecheap,,,25/09/2026 21:26
21aac170-e1f5-48a4-ad0c-f5a3d07f8208,launching.mom,available,1.24,26,high,low,9,spaceship,,,29/09/2026 00:37
b50b84e9-5d8d-46cf-8b78-4dd004550cc7,evaluative.mom,available,1.8,45.98,medium,low,10,namecheap,,,06/08/2026 08:13
b8edce90-060d-4c54-8e5a-70a78dbe0f7a,lcs.mom,available,1.99,27.99,high,low,3,namesilo,,,01/10/2026 23:52
f20e8395-0fac-4544-bc8c-25c9150110ab,provide.mom,premium,845,845,high,low,7,namecheap,,,30/09/2026 07:04
ffe23103-b6e3-48a0-8490-385ef7cb21d6,inaudible.mom,available,1.8,45.98,medium,low,9,namecheap,,,22/08/2026 00:33
cd93b73d-e68f-4629-a180-3fd40e80b2d0,snuffly.mom,available,1.8,45.98,high,medium,7,namecheap,,,10/09/2026 12:37
5b112f8f-96a0-4007-8452-f6765e5ef351,advertiser.mom,available,1.99,27.99,high,low,10,namesilo,,,17/09/2026 08:38
cbeca9c0-6c0c-4829-854e-dfaac68ab27e,adventurer.mom,available,1.99,27.99,high,low,10,namesilo,,,17/09/2026 10:41
ca2f278b-0c7c-41ff-b373-f8ba462ed037,mattress.mom,available,1.99,26.97,high,low,8,dynadot,,,28/09/2026 19:51
4d7ff469-0dba-41e0-9e32-fdf3039732f0,perceptual.mom,available,1.8,45.98,high,low,10,namecheap,,,08/09/2026 16:15
d8a705c5-6ded-4ee9-9385-c912f0925967,grim.mom,available,1.8,45.98,medium,low,4,namecheap,,,14/08/2026 11:41
97218df2-560b-426d-9bc7-bf7652674526,arrested.mom,available,1.8,45.98,medium,low,8,namecheap,,,17/09/2026 20:22
913526dc-1a9a-4ef6-a22b-c5a15cff7049,apocynum.mom,available,,,medium,low,8,,,,19/09/2026 18:15
f591d48b-a918-4379-8ef9-9bbe1d114c64,agamic.mom,available,1.8,45.98,medium,low,6,namecheap,,,
b94f888a-0ce7-4e37-9487-0276dd29e41a,forte.mom,premium,812.5,812.5,high,low,5,name.com,,,18/08/2026 12:23
3ac2d843-20b7-44d8-accd-72696a83d81c,sleeve.mom,available,1.99,27.99,high,low,6,namesilo,,,27/09/2026 15:53
00aba38e-1c25-451d-91ef-a348b5ec4709,physiological.mom,available,1.99,26.97,medium,low,13,dynadot,,,29/09/2026 20:58
8b475fae-a6a6-4e7e-bc90-a60cc4be799c,domingo.mom,available,1.99,27.99,high,low,7,namesilo,,,25/09/2026 04:55
edff55b3-97cf-46aa-8333-9f0b1046fa01,chagrined.mom,available,1.8,45.98,medium,low,9,namecheap,,,
7cdf90be-807a-4eac-a087-29e4284db2a4,scorpion.mom,available,1.99,27.99,high,low,8,namesilo,,,30/09/2026 02:48
6bf36db1-52df-4e10-adb0-1a78a0369c8c,satan.mom,available,1.24,26,high,low,5,spaceship,,,29/09/2026 01:53
20fbf617-869c-43be-a63b-2180196b083a,premarital.mom,available,1.99,27.99,high,low,10,namesilo,,,22/09/2026 06:09
352a4ede-9b0d-46cf-9b38-d2d2ef63453c,guile.mom,available,1.8,45.98,medium,low,5,namecheap,,,13/08/2026 10:41
516290d3-fdc6-44b5-ab1e-b5e69164a4ea,tirelessly.mom,available,1.8,45.98,high,low,10,namecheap,,,15/09/2026 07:50
1872eb03-f957-44a5-affe-e1bbb8fa3d77,eponymous.mom,available,1.8,45.98,high,low,9,namecheap,,,17/08/2026 11:29
2d7b202a-f24a-4acc-a00e-b6f0030f1ac7,scalar.mom,available,1.8,45.98,high,low,6,namecheap,,,09/09/2026 22:16
4b71b9c4-0358-4ffe-a7f2-6d43d03ebf6c,barkeep.mom,available,1.99,27.99,high,low,7,namesilo,,,22/09/2026 06:22
bcf1859d-dc04-4d00-a4a9-8530993fcd4e,sportive.mom,available,1.8,45.98,medium,low,8,namecheap,,,12/08/2026 18:10
7f79ac8d-b95a-4cee-a3b1-ce341327ef0a,hobbes.mom,available,1.99,27.99,medium,low,6,namesilo,,,29/09/2026 07:16
78dd1154-15b3-4e80-8630-b4b5dc154b8c,ferine.mom,available,1.8,45.98,medium,low,6,namecheap,,,18/08/2026 01:16
84716d50-ca63-4957-813d-3afb9ede77c5,offish.mom,available,1.8,45.98,low,low,6,namecheap,,,04/09/2026 01:35
f2632f3e-1900-4b45-9e21-0ca0469aaa5c,lengths.mom,available,1.99,27.99,low,low,7,namesilo,,,29/09/2026 05:45
9d457674-70ac-41c1-b932-6f551c83fd7c,throwback.mom,available,1.8,45.98,high,low,9,namecheap,,,11/09/2026 15:00
6f33b916-41dd-48ed-982a-67c9d27246d6,uncanny.mom,available,1.8,45.98,high,low,7,namecheap,,,16/08/2026 02:23
5b757d4c-e53a-4de7-9b50-b0d795322ef1,directly.mom,available,1.8,45.98,high,low,8,namecheap,,,24/09/2026 10:41
0ac7b3db-b02f-4503-a211-7c6a23bee882,corked.mom,available,1.8,45.98,medium,low,6,namecheap,,,13/08/2026 01:20
e78b9244-b500-4729-9847-95e6fbc9a8f3,aquitaine.mom,available,1.99,27.99,high,low,9,namesilo,,,19/09/2026 23:17
51f3000d-752b-412c-b8aa-6a057fbab4e9,positional.mom,available,1.8,45.98,medium,low,10,namecheap,,,09/09/2026 00:06
4a5f50fc-f267-48cb-84fd-72b9d7b6ecdb,snore.mom,available,1.24,26,medium,low,5,spaceship,,,30/09/2026 11:22
c33e731b-c1b3-48a5-bfd7-c4113e9bf5a5,dedicate.mom,available,1.24,26,high,low,8,spaceship,,,30/09/2026 18:29
e103b7e9-b23f-4931-a938-cf7823587ed5,slender.mom,available,1.8,45.98,high,low,7,namecheap,,,24/08/2026 01:14
ef98ae9d-3b7f-4e61-8bcd-325b8b59d67c,cuddles.mom,available,1.99,27.99,high,low,7,namesilo,,,21/09/2026 08:38
c8d60683-6338-4ead-8111-9a66b2e9ad85,blacksmith.mom,available,1.99,27.99,high,low,10,namesilo,,,24/09/2026 03:09
36c9ba31-715b-4e31-9043-7ae9033ae6a2,proposing.mom,available,1.24,26,low,low,9,spaceship,,,28/09/2026 22:53
a8fb7be2-ee54-48d4-95ec-eb74a6f40cd7,degrading.mom,available,1.99,51.99,medium,low,9,name.com,,,13/08/2026 20:10
f1cc9339-1ddb-44c7-9ab4-a5c2a135381e,unleavened.mom,available,1.8,45.98,medium,low,10,namecheap,,,12/09/2026 14:46
97b5dd66-b6c7-44f0-8a01-976c5fe6901a,katrina.mom,available,1.99,27.99,high,low,7,namesilo,,,29/09/2026 09:26
7b3b23b2-068f-4c40-8977-4e942f75f69d,pearse.mom,available,1.99,27.99,medium,low,6,namesilo,,,02/10/2026 01:53
9ae5976c-03bc-4e67-add6-f3d2af822ce7,listings.mom,premium,832,832,high,low,8,namesilo,,,02/10/2026 03:01
c0d3ffd6-3346-4cbf-bdb4-6aa1cc3d01ed,intermodal.mom,available,1.24,26,high,low,10,spaceship,,,29/09/2026 16:19
44777188-a4fd-4671-be16-8d1dfa6756b4,anaclitic.mom,available,1.8,45.98,medium,low,9,namecheap,,,
3d02d65d-239d-4815-9ad5-e7aeacabb774,visored.mom,available,1.8,45.98,medium,low,7,namecheap,,,13/09/2026 06:15
49e2e47b-cdc6-40ab-9653-5654ecf9bd79,incentive.mom,available,1.8,45.98,high,low,9,namecheap,,,29/09/2026 23:44
65054971-cb51-4ccb-84a9-471aef9945c6,societies.mom,available,1.99,27.99,medium,low,9,namesilo,,,30/09/2026 06:42
92a07b54-7abb-4c67-a8f8-79d0a8e9952f,glissando.mom,available,1.8,45.98,medium,low,9,namecheap,,,14/09/2026 21:37
2bf1a58d-b08f-41ad-8ae1-716825a43e49,hurdle.mom,available,1.8,45.98,high,low,6,namecheap,,,30/09/2026 17:39
3d3b06eb-33d0-46b2-ac27-c4c2dc3c761e,sash.mom,available,1.24,26,high,low,4,spaceship,,,01/10/2026 01:27
99ab1a4a-148e-455f-b076-2f16e3a5aacc,febrile.mom,available,1.8,45.98,medium,low,7,namecheap,,,18/08/2026 00:27
6cf21ead-6e50-4438-8ed3-976c2f75bc21,redheaded.mom,available,1.8,45.98,high,medium,9,namecheap,,,09/09/2026 12:21
4f22bd08-04fa-4d1f-9553-a394c354600a,uncrossed.mom,available,1.8,45.98,medium,low,9,namecheap,,,12/09/2026 06:33
431c2b3d-72f9-4717-8d74-9279d7f27d2b,selkirk.mom,available,1.99,27.99,medium,low,7,namesilo,,,18/09/2026 05:50
65164275-f3b3-4ec7-9791-a788c23c093b,smithsonian.mom,available,1.99,27.99,high,low,11,namesilo,,,25/09/2026 12:40
6a5f3554-e656-4b46-9b9c-76b441cc7990,folklore.mom,available,1.99,27.99,high,low,8,namesilo,,,30/09/2026 01:40
c99aad26-2752-49eb-92d0-e012be5862c0,kiefer.mom,available,1.24,26,medium,low,6,spaceship,,,01/10/2026 23:57
a7c20ef9-767a-4574-a1a5-d376ac8f09fe,subvert.mom,available,1.8,45.98,medium,low,7,namecheap,,,13/08/2026 02:15
d7be9434-4a39-43e2-a378-ba8eeb52ff65,idiocy.mom,available,1.8,45.98,medium,low,6,namecheap,,,18/09/2026 18:58
6f94525c-7d8f-40e0-aeef-45022bd5b20a,shawn.mom,available,1.8,45.98,high,low,5,namecheap,,,27/09/2026 15:48
aefa9834-50ad-4a74-a084-5d95da54b8da,mop.mom,available,1.99,27.99,high,low,3,namesilo,,,30/09/2026 05:15
aed0f880-4818-4f08-964b-de416e8f594f,exothermic.mom,available,1.8,45.98,medium,low,10,namecheap,,,17/08/2026 17:46
e0613eb7-70f8-416c-9918-ffb79b762a7f,otherwise.mom,available,1.99,27.99,high,low,9,namesilo,,,26/09/2026 00:41
5f881e71-f2a1-41ff-a422-7993ec104dc1,thinner.mom,available,1.99,27.99,high,low,7,namesilo,,,29/09/2026 06:40
1bd0d9aa-fce4-4f22-b7ce-645fdb2e66f1,broward.mom,available,1.24,26,medium,low,7,spaceship,,,29/09/2026 22:39
8ebfe1cc-c5ad-4f50-b4ec-d82c52f8c44d,daringly.mom,available,1.8,45.98,medium,low,8,namecheap,,,14/09/2026 10:37
bbaadfe2-7d3c-4613-b8d6-b66da8e182bb,rhineland.mom,available,1.99,27.99,medium,low,9,namesilo,,,29/09/2026 13:52
f13177c9-ba68-4829-8dc6-33cb2ff9c387,lent.mom,available,1.24,26,high,low,4,spaceship,,,28/09/2026 14:42
4c0aa42d-4d75-4468-8e7f-d6dc9160d6c3,craftsman.mom,available,1.99,27.99,high,low,9,namesilo,,,20/09/2026 11:49
e70e5f21-72c0-4472-bb34-742882c1d9f6,putnam.mom,available,1.99,27.99,medium,low,6,namesilo,,,25/09/2026 16:07
b8b345a4-958e-4414-a8ae-863c2465d088,biotitic.mom,available,1.8,45.98,medium,low,8,namecheap,,,10/08/2026 03:33
727ddb90-03ed-4109-83c9-f8d2d859cebd,holloway.mom,available,1.99,27.99,high,low,8,namesilo,,,26/09/2026 03:22
a7d6900e-9417-4549-a7b9-4dae80c0e470,stainless.mom,available,1.8,45.98,high,low,9,namecheap,,,10/09/2026 18:15
afd35a60-35b3-4df5-b3d1-bc4da9d3077e,tally.mom,available,1.24,26,high,medium,5,spaceship,,,28/09/2026 18:48
66741a6a-6d7c-46a0-97b3-feab309f9776,tuning.mom,available,1.99,27.99,high,low,6,namesilo,,,29/09/2026 08:16
bd2ef98c-2e7a-4854-9c70-ff1f3573a4b4,bette.mom,available,1.8,45.98,medium,low,5,namecheap,,,29/09/2026 15:28
605c5c2e-e694-4ba0-8ad4-092ab20fe61f,bezant.mom,available,1.99,27.99,medium,low,6,namesilo,,,23/09/2026 12:11
b923892b-786f-4e66-b725-f21233f94cd1,dabbled.mom,available,1.99,51.99,medium,low,7,name.com,,,13/08/2026 15:12
6f4030fc-690c-41dc-a1eb-7186e605b3ab,craze.mom,available,1.8,45.98,high,low,5,namecheap,,,24/09/2026 19:15
63dfe442-3bf8-4bf0-a9c5-956ee95fdf4b,articular.mom,available,1.8,45.98,medium,low,9,namecheap,,,06/08/2026 23:26
4ff56ca0-b1b2-4931-92ac-b2e162737127,fishy.mom,available,1.8,45.98,high,low,5,namecheap,,,18/08/2026 05:32
d87ba025-d481-4ec2-9ab9-bed3164c4bbf,painting.mom,available,1.99,27.99,high,low,8,namesilo,,,25/09/2026 07:33
ce9084f3-309c-4eb7-b355-6eabccb09f0f,foucault.mom,available,1.99,26.97,medium,low,8,dynadot,,,28/09/2026 19:15
eec9de84-be16-403c-9f24-ec8217273ed3,idealized.mom,available,1.8,45.98,high,low,9,namecheap,,,21/08/2026 17:58
95495c0f-bc27-4754-b148-1837f5582970,sultry.mom,available,1.8,45.98,medium,low,6,namecheap,,,10/09/2026 20:31
78629130-267d-49a8-a137-3667a4e08b3e,apish.mom,available,1.8,45.98,medium,low,5,namecheap,,,06/08/2026 00:12
7c04d100-727a-40a8-bf6b-cda7c780a962,maidens.mom,available,1.99,26.97,high,low,7,dynadot,,,02/10/2026 03:57
cafbed4f-f5ef-4d5e-a1d2-f765d4367f0c,nevertheless.mom,available,1.99,27.99,medium,low,12,namesilo,,,28/09/2026 22:40
d3e4415f-77f1-4fca-93b7-58ae0f0eb5cb,department.mom,available,1.24,26,high,low,10,spaceship,,,29/09/2026 14:02
152ed63b-6659-4fa4-96e8-7dbd97d1f2fa,zipper.mom,available,1.99,27.99,high,low,6,namesilo,,,01/10/2026 03:44
a7a6e511-3855-48fe-a1d3-7988013c0fe0,vista.mom,premium,672.95,672.95,high,medium,5,spaceship,,,29/09/2026 01:48
7b686067-3a4e-4cf9-93f3-76d0e588d75a,erbium.mom,available,1.99,27.99,medium,low,6,namesilo,,,20/09/2026 23:37
fc2b3a0d-b6e9-4344-894c-01b6305735e5,bed.mom,premium,672.95,672.95,high,low,3,spaceship,,,29/09/2026 01:46
ff58f753-ecc0-4542-8f64-a02645ab86cf,ici.mom,available,1.99,27.99,high,low,3,namesilo,,,30/09/2026 05:17
8f553c85-1f3f-424a-a061-637b56713815,contemplate.mom,available,1.24,26,high,low,11,spaceship,,,30/09/2026 11:45
168c1e54-9c71-4755-9bdb-fd6da6f1094d,vincent.mom,available,1.99,27.99,high,low,7,namesilo,,,25/09/2026 11:54
ef4c8c08-7084-4610-8151-dc126865f55c,inventions.mom,available,1.24,26,medium,low,10,spaceship,,,29/09/2026 17:30
e0dec935-3d81-4c7c-8324-024115770747,snails.mom,available,1.99,27.99,medium,low,6,namesilo,,,29/09/2026 06:02
348ce158-a358-43ea-97ee-ce8060cba166,hyperfine.mom,available,1.8,45.98,medium,low,9,namecheap,,,21/08/2026 16:48
970cb16d-bafc-4e58-a979-62fc3363a625,sandpapery.mom,available,1.8,45.98,high,medium,10,namecheap,,,09/09/2026 21:13
0528221d-2719-4c36-ae8c-cb1a34379303,swagman.mom,available,1.8,45.98,medium,low,7,namecheap,,,11/09/2026 05:01
ab7fb602-d59b-44fa-85c4-1c483959d2d4,jument.mom,available,1.8,45.98,medium,low,6,namecheap,,,22/09/2026 21:27
aeb72967-3c05-4c32-8c51-1630beff41b6,elmer.mom,available,1.99,27.99,medium,low,5,namesilo,,,29/09/2026 03:21
0aa97e34-3f5a-4ffa-8e73-a89eaea39675,thanked.mom,available,1.99,27.99,medium,low,7,namesilo,,,29/09/2026 05:27
337919e2-13c3-4936-bb70-3d95a2b239f0,cleanliness.mom,available,1.24,26,high,low,11,spaceship,,,02/10/2026 02:07
ebf32d36-91eb-4c52-952c-cb4c391eedb7,henpecked.mom,available,1.8,45.98,medium,low,9,namecheap,,,21/08/2026 06:42
81334638-8d08-4af7-9662-6e0a0086ebeb,evidently.mom,available,1.8,45.98,high,low,9,namecheap,,,08/09/2026 20:21
9906d278-9ea0-44fd-a2bd-801bdfd31102,ease.mom,available,1.99,27.99,high,low,4,namesilo,,,27/09/2026 13:14
53bfc79e-cba5-47e5-82cb-0d65cd8eba81,plymouth.mom,available,1.99,27.99,high,low,8,namesilo,,,29/09/2026 13:43
14786be5-4072-4431-907a-306c0af951e9,eames.mom,available,1.24,26,medium,low,5,spaceship,,,01/10/2026 18:56
26900ba0-afab-438f-b5ee-35380d88a820,blt.mom,available,1.99,27.99,high,low,3,namesilo,,,21/09/2026 16:25
7e6e2a33-cda1-4805-83f9-3ac19367cf6b,unspotted.mom,available,1.8,45.98,medium,low,9,namecheap,,,12/09/2026 20:15
dc2575b2-4126-4d11-b74a-e1fe0ff8a29f,bigfoot.mom,available,1.8,45.98,high,low,7,namecheap,,,23/09/2026 15:06
c0447de7-1a70-41d4-8359-7b1de5b04791,backrest.mom,available,1.99,27.99,high,low,8,namesilo,,,21/09/2026 15:47
3fe6f6a8-2d4e-4ef3-bba3-f9aec50ecfb2,formosa.mom,available,1.24,26,high,low,7,spaceship,,,28/09/2026 05:46
5e5c8486-1bd3-43c4-b749-3ac755431d6c,munson.mom,available,1.99,27.99,medium,low,6,namesilo,,,29/09/2026 15:48
0b5372e2-7974-4f78-84ab-c5031c3e1220,keenan.mom,available,1.99,26.97,high,low,6,dynadot,,,28/09/2026 22:23
b008ff38-64d4-4b06-93a3-01d06b8f308d,upfront.mom,available,1.8,45.98,high,low,7,namecheap,,,12/09/2026 23:09
30f5c1b9-5bb7-4e65-b514-7e395b221021,sternly.mom,available,1.99,27.99,medium,low,7,namesilo,,,16/09/2026 07:01
62cd146d-f8ae-42b8-9a62-1828e6a25628,beefsteak.mom,available,1.8,45.98,high,low,9,namecheap,,,23/09/2026 01:15
6de3cd13-de8b-4fde-ae4f-50297e48f982,sinless.mom,available,1.8,45.98,medium,low,7,namecheap,,,21/08/2026 21:57
aec8b3a9-ed6e-4b32-8d05-cbb53a339cf9,extropic.mom,available,1.8,45.98,medium,low,8,namecheap,,,17/08/2026 19:38
55cdc3ae-97e3-4492-9fd0-1f9ce529be41,battlement.mom,available,1.8,45.98,medium,low,10,namecheap,,,22/09/2026 16:28
69d5ebdf-f9d2-4e9b-8b7f-c1a34f86e148,opioids.mom,available,1.24,26,low,low,7,spaceship,,,30/09/2026 16:12
82346a6e-239d-49f4-958e-580ac03468cc,innovator.mom,available,1.99,27.99,high,low,9,namesilo,,,28/09/2026 02:49
9a7904c1-86c5-4e7a-badf-75c97728b591,romanians.mom,available,1.99,27.99,medium,low,9,namesilo,,,30/09/2026 00:08
3e931704-7e46-4f36-815e-2da27894c59f,cambodian.mom,available,1.8,45.98,high,low,9,namecheap,,,11/08/2026 15:40
52f290ba-d8b9-4fb5-b1ea-84096063d3ce,reggie.mom,available,1.24,26,high,low,6,spaceship,,,28/09/2026 07:45
da023abf-22da-4ca3-85b7-565259f829c5,damage.mom,available,1.8,45.98,high,low,6,namecheap,,,25/09/2026 04:36
754aeb8b-c659-4807-9a9b-17763fd88909,betray.mom,available,1.24,26,medium,low,6,spaceship,,,28/09/2026 13:49
da73e30d-832a-404e-a1f1-3882a7d670d5,inhibit.mom,available,1.24,26,high,low,7,spaceship,,,30/09/2026 16:14
e5c93bc8-2e2f-46bf-b827-d4ae32237624,piraeus.mom,available,1.24,26,medium,low,7,spaceship,,,30/09/2026 20:50
d460c976-472a-4504-b4d6-50e70c83dafc,feculent.mom,available,1.8,45.98,low,low,8,namecheap,,,18/08/2026 00:32
64843a4a-6f3c-4e59-a013-f39530b96459,harness.mom,available,1.24,26,high,low,7,spaceship,,,29/09/2026 01:16
5b867dc9-ee8a-4015-96ed-da42ee378a26,succinctly.mom,available,1.99,27.99,medium,low,10,namesilo,,,16/09/2026 07:34
0dbeb581-0364-4eed-86fe-1c23a4636dbf,moves.mom,available,1.8,45.98,high,low,5,namecheap,,,25/09/2026 21:00
2afa5022-cddb-4766-8e46-17e2e6b14de7,anoa.mom,available,1.8,45.98,medium,low,4,namecheap,,,19/09/2026 11:10
4b5315ce-b31c-47ec-84e8-bdd94c47c407,arcsec.mom,available,1.99,27.99,medium,low,6,namesilo,,,20/09/2026 01:25
5eb5a719-330a-43a7-b126-9b854878815e,head.mom,premium,2070.2,2070.2,high,low,4,spaceship,,,30/09/2026 14:18
d2137ccd-d484-4f8e-a8be-0219532b99e3,hunker.mom,available,1.8,45.98,medium,low,6,namecheap,,,10/09/2026 17:39
bf407348-0bac-46cb-9a1b-695e14192db1,theatrical.mom,available,1.8,45.98,high,low,10,namecheap,,,11/09/2026 12:33
da32fbe5-02ed-4007-baa9-aaff8967132a,gills.mom,available,1.24,26,medium,low,5,spaceship,,,30/09/2026 14:13
dd8e9a90-7518-44da-a450-6026c6a37045,vendors.mom,premium,832,832,medium,low,7,namesilo,,,20/09/2026 22:00
6de336a2-a9b1-4ce0-a0e6-189b23a4d113,expressly.mom,available,1.8,45.98,medium,low,9,namecheap,,,14/09/2026 17:09
8856c06a-71d8-427b-b44c-793adda4f40a,friedman.mom,available,1.24,26,medium,low,8,spaceship,,,29/09/2026 18:58
7eb123a3-71d8-4496-adb7-c36e77665a21,fairness.mom,available,1.99,27.99,high,low,8,namesilo,,,22/09/2026 22:20
3079d32c-1c09-4463-ba57-d678969be52c,stricken.mom,available,1.8,45.98,high,low,8,namecheap,,,
7507c1c3-8634-4fa4-94a8-0e604f0bde90,eugenie.mom,available,1.99,27.99,medium,low,7,namesilo,,,02/10/2026 00:21
8337058f-1061-4c6b-9e88-26e214a11927,awesome.mom,premium,832,832,high,medium,7,namesilo,,,22/09/2026 15:04
5741a625-6f06-4806-bca8-fb678c436068,heavier.mom,available,1.24,26,low,low,7,spaceship,,,29/09/2026 04:51
d7a5dfa8-af40-47af-858c-9540053b00f9,sikkim.mom,available,1.8,45.98,medium,low,6,namecheap,,,30/09/2026 02:52
88ec3af3-1ca3-4349-af5d-a4bcea6808ff,balanitis.mom,available,1.8,45.98,medium,low,9,namecheap,,,21/09/2026 21:01
7c8c7436-140a-4406-b6aa-27966d93802b,treats.mom,premium,832,832,medium,low,6,namesilo,,,28/09/2026 05:00
1a6aeda9-e210-47e8-b2f8-7b73e6741e60,swaps.mom,available,1.99,27.99,medium,low,5,namesilo,,,18/09/2026 22:39
ec851d99-ede7-4c2f-add5-304ab686f5d5,quickly.mom,available,1.8,45.98,high,low,7,namecheap,,,27/09/2026 09:22
b0617dfe-dc6c-4f42-91e5-cd1d9bb861ba,wisdoms.mom,available,1.8,45.98,medium,low,7,namecheap,,,21/09/2026 10:19
e0afa2ee-bb02-4c1d-ab5c-e21acc11c40d,liverpool.mom,available,1.99,27.99,high,low,9,namesilo,,,29/09/2026 07:29
e2896dc7-a654-475a-92d1-69762e4c66cd,dangerous.mom,available,1.99,51.99,medium,low,9,name.com,,,13/08/2026 17:15
977cbad8-60a7-40c9-b10e-8668527f025c,chiseled.mom,available,1.8,45.98,medium,low,8,namecheap,,,12/08/2026 06:05
047d29a5-35ca-448a-9eea-d59f98031dcc,flavorsome.mom,available,1.8,45.98,medium,low,10,namecheap,,,18/08/2026 07:12
adc767c7-3403-4820-97d7-592727fdc577,fergusson.mom,available,1.24,26,medium,low,9,spaceship,,,02/10/2026 02:38
9e8732d4-8b55-473c-82af-7d31bf740b3f,anarchic.mom,available,1.8,45.98,medium,low,8,namecheap,,,
8ed4231a-7bbe-49c2-a8b3-0c13eaaf1243,spattered.mom,available,1.99,51.99,medium,low,9,name.com,,,13/08/2026 15:15
8ff161e3-266d-4fc2-b5e5-9fb97b9b9856,assumption.mom,available,1.8,45.98,medium,low,10,namecheap,,,20/09/2026 16:39
2f92b5b7-6087-4615-9280-5ae16f85ef22,leesburg.mom,available,1.99,27.99,medium,low,8,namesilo,,,02/10/2026 00:14
2586759c-6783-4a2f-940c-769dc6639736,expresses.mom,available,1.99,27.99,medium,low,9,namesilo,,,30/09/2026 23:32
268d8be9-0daa-4845-b8ee-86d2b0c73fc7,dank.mom,available,1.8,45.98,high,low,4,namecheap,,,12/08/2026 09:24
ea6bd4a4-22d5-45c8-86aa-33d1c42fba32,ruse.mom,available,1.8,45.98,medium,low,4,namecheap,,,20/09/2026 11:33
87236bc3-050d-4882-a6b0-09af3d629487,strapping.mom,available,1.8,45.98,medium,low,9,namecheap,,,09/08/2026 08:02
c91b6551-e2ef-4757-9d02-093366ba7b10,nineveh.mom,available,1.99,27.99,medium,low,7,namesilo,,,30/09/2026 10:36
7a3e8ec5-2533-4c65-bfdd-174f3ae99047,battles.mom,available,1.99,27.99,low,low,7,namesilo,,,28/09/2026 08:54
83b7f887-353e-499d-9f5d-cdb5efbf528f,gin.mom,available,1.8,45.98,high,low,3,namecheap,,,24/09/2026 18:31
59501d0e-9374-445f-beb8-73e1b8229ac2,thrown.mom,available,1.54,19.98,medium,low,6,porkbun,,,28/09/2026 09:15
af258506-1eef-470d-900f-9b7ffc48a103,simone.mom,available,1.8,45.98,high,low,6,namecheap,,,27/09/2026 07:19
f37361dc-bff2-44da-b89f-ae81fb2c4f6e,miguel.mom,premium,2660,2660,high,low,6,namesilo,,,25/09/2026 14:22
8545acf0-8ada-41c3-b9bd-7d8e5f5751e6,masculinity.mom,available,1.99,26.97,medium,low,11,dynadot,,,02/10/2026 01:23
6ea8dcf6-d8e9-4ee0-82d6-ffd64a0d7e1c,album.mom,available,1.8,45.98,high,low,5,namecheap,,,28/09/2026 20:08
215ebeb7-e9d5-4e48-8bfe-829b98ff77b7,christy.mom,available,1.99,27.99,high,low,7,namesilo,,,29/09/2026 21:38
0197f3fe-9b5e-44bc-a81f-47b84cf37612,parts.mom,premium,832,832,high,low,5,namesilo,,,25/09/2026 09:47
be35019f-32f9-445f-8647-fdc7f4477cc8,september.mom,available,1.99,27.99,high,low,9,namesilo,,,30/09/2026 10:55
980e6abe-a0fb-4b73-a68e-ea8911f177fa,thorpe.mom,available,1.99,27.99,high,low,6,namesilo,,,30/09/2026 00:34
f01eb590-8070-408e-9984-702480342a9d,ann.mom,premium,715,715,high,low,3,dynadot,,,01/10/2026 09:27
936d5fbb-410c-4fed-813c-d6fa67493342,hyman.mom,available,1.99,26.97,medium,low,5,dynadot,,,28/09/2026 16:48
678bf2ad-b696-4641-857d-37e3a8e9633f,cinnabar.mom,available,1.8,45.98,medium,low,8,namecheap,,,12/08/2026 05:49
92479c38-d956-4458-9d4e-9022139e5073,cows.mom,available,1.99,27.99,high,low,4,namesilo,,,29/09/2026 03:44
21ae0148-5fdc-4a06-b324-eee7023194a7,rich.mom,premium,845,845,high,low,4,namecheap,,,19/09/2026 18:40
0d77e713-5c42-4986-b226-165c31e51c4a,cistercian.mom,available,1.24,26,medium,low,10,spaceship,,,29/09/2026 18:21
4c1d4587-7ef7-4b71-bd08-9b87585f169d,clathrate.mom,available,1.8,45.98,medium,low,9,namecheap,,,11/08/2026 16:23
40015877-df0c-42eb-971c-a4e707dff2c7,overage.mom,available,1.8,45.98,medium,low,7,namecheap,,,04/09/2026 19:59
31bfb25d-d5dd-42d7-b56d-589fa12fcdc1,genteel.mom,available,1.8,45.98,medium,low,7,namecheap,,,13/08/2026 10:19
a663eac0-9e19-4913-a6d5-d4a0f448161b,extortion.mom,available,1.24,26,medium,low,9,spaceship,,,29/09/2026 12:13
508b5c44-652e-4928-8191-93d6144536e4,neoclassic.mom,available,1.8,45.98,medium,low,10,namecheap,,,03/09/2026 15:21
d9ca4e69-1093-4fd3-8955-e208558fef1c,bellboy.mom,available,1.99,27.99,high,low,7,namesilo,,,23/09/2026 05:55
139afb11-dc8a-40e0-a2ca-d21fdc01f5ac,spends.mom,available,1.99,26.97,medium,low,6,dynadot,,,28/09/2026 08:36
e7b5dd2c-6a10-4911-a377-589112568a9e,castro.mom,available,1.8,45.98,medium,low,6,namecheap,,,28/09/2026 09:15
a2536212-e0a2-45b4-b8e8-b25506fd4f45,prevented.mom,available,1.24,26,medium,low,9,spaceship,,,29/09/2026 10:45
1103f68c-ae90-4338-989f-2af5944d218c,bailor.mom,available,1.8,45.98,medium,low,6,namecheap,,,21/09/2026 19:14
64018a6f-616f-42f1-a52b-e315110cd848,azalea.mom,available,1.99,27.99,high,low,6,namesilo,,,21/09/2026 11:00
91a1472e-3d7d-4345-973d-1217dd5ea12d,brains.mom,available,1.8,45.98,high,low,6,namecheap,,,25/09/2026 18:40
7b57be31-87e2-492a-961c-a656e3a502c0,gomad.mom,available,1.99,27.99,medium,low,6,namesilo,,,20/09/2026 00:44
f2a2d265-743a-43ee-a0b2-13586e719566,zenithal.mom,available,1.8,45.98,medium,low,8,namecheap,,,13/09/2026 15:12
56fd89cd-3e55-42bf-9fd1-1d86d8770378,phrases.mom,available,1.99,,medium,low,7,name.com,,,
8b3bad11-01ec-4b20-9196-38b28e8f4cf0,algal.mom,available,1.8,45.98,medium,low,5,namecheap,,,
de03aa4b-69a0-4800-9ddc-7e2bd74efb05,provident.mom,available,1.8,45.98,high,low,9,namecheap,,,09/09/2026 04:35
efb02407-1635-458d-a56e-de5c502677e9,avidity.mom,available,1.99,27.99,high,low,7,namesilo,,,21/09/2026 09:28
773a22f1-8bb5-47ae-a0fd-865e432ed710,marijuana.mom,premium,2660,2660,high,low,9,namesilo,,,29/09/2026 07:08
fbebbf95-1d93-4c57-ab20-7f90b67ec302,beguiled.mom,available,1.8,45.98,medium,low,8,namecheap,,,09/08/2026 09:46
60f30d0b-cbc3-41ad-b5ca-2b327bfd9fb5,untagged.mom,available,1.8,45.98,medium,low,8,namecheap,,,12/09/2026 14:35
0006e627-227e-4797-b06c-32878eb3e1b8,devine.mom,available,1.99,27.99,medium,low,6,namesilo,,,28/09/2026 17:34
6abd8797-e178-4df1-bf9f-ff615cca8b90,clovers.mom,available,1.99,27.99,medium,low,7,namesilo,,,21/09/2026 06:52
59e29cd5-12f6-488a-8910-834972949197,asymptotic.mom,available,1.8,45.98,medium,low,10,namecheap,,,07/08/2026 10:30
fac2447b-5aa0-47e9-9d84-65b4043482bd,earthworks.mom,available,1.24,26,medium,low,10,spaceship,,,29/09/2026 17:50
1e3b58e8-b969-484b-aebb-867abd83afb8,bisexual.mom,available,1.8,45.98,high,low,8,namecheap,,,10/08/2026 06:14
82df3053-2d9d-43cf-ad40-74c60c758567,franco.mom,premium,832,832,high,low,6,namesilo,,,29/09/2026 06:44
4715c9aa-3950-48e3-82ea-d8cfafaa4e36,wreath.mom,available,1.24,26,high,low,6,spaceship,,,30/09/2026 16:41
16bf332b-98e0-417b-8dfe-c620d5b520fb,cagey.mom,available,1.8,45.98,medium,low,5,namecheap,,,11/08/2026 13:19
a0388b5a-5873-4f9b-bbbc-5b4a2337a131,monk.mom,available,1.8,45.98,high,low,4,namecheap,,,25/08/2026 04:11
b2cd0df1-0c29-4f1a-b7db-5a2cfc591b73,athabascan.mom,available,1.8,45.98,medium,low,10,namecheap,,,20/09/2026 20:23
da8ad387-7ca7-4e53-ac4c-ccdab1ac1927,hellish.mom,available,1.8,45.98,medium,low,7,namecheap,,,09/08/2026 04:59
2e8fcd73-4fbb-4ba0-a3fc-0ad7df691bbb,footer.mom,available,1.8,45.98,high,low,6,namecheap,,,08/09/2026 12:38
2bee0cdc-9d4d-4796-be11-894120d0d9f3,erotically.mom,available,1.8,45.98,medium,low,10,namecheap,,,14/09/2026 15:58
889fbde2-a9b2-4c71-a85d-18d109875804,eclat.mom,available,1.99,51.99,high,low,5,name.com,,,16/09/2026 22:37
e94d25b4-2c5a-458f-b06e-a30a1ee967eb,affix.mom,available,1.99,27.99,high,low,5,namesilo,,,17/09/2026 14:37
6b7e1589-c0f5-40de-89b3-2fa7cbf3c483,rehearsing.mom,available,1.24,26,high,low,10,spaceship,,,01/10/2026 06:10
9704cdd3-02de-45c9-9545-6073e261840c,charging.mom,available,1.99,27.99,high,low,8,namesilo,,,28/09/2026 04:40
527cf0d0-dcf4-47ae-8e8c-59d9715e58ad,apodemus.mom,available,1.8,45.98,medium,low,8,namecheap,,,19/09/2026 18:19
c0aa8577-8db8-49f3-b342-ce0cce42a32f,youth.mom,premium,710.1,710.1,high,low,5,porkbun,,,29/09/2026 17:26
3f5e5f35-2910-4808-892c-62c7b02fa145,trepid.mom,available,1.8,45.98,medium,low,6,namecheap,,,11/09/2026 16:07
6ec76858-5b56-4565-beb0-ff76cc770eed,blewit.mom,available,1.8,45.98,low,low,7,namecheap,,,17/09/2026 21:32
cff2d1c0-aa7c-47c5-9940-50f135bcc7c0,farsighted.mom,available,1.8,45.98,medium,low,10,namecheap,,,17/08/2026 22:41
68f84969-f9a0-4e6a-bfe2-1c7eaab9bc35,intern.mom,premium,715,715,high,low,6,dynadot,,,28/09/2026 14:28
b66a4730-a296-40fe-b23c-ae03d7c008ef,spinoza.mom,available,1.99,27.99,high,low,7,namesilo,,,22/09/2026 09:34
e7db322f-2f76-4f19-b97b-a3ecdb8382e9,tangerine.mom,available,1.8,45.98,high,low,9,namecheap,,,11/09/2026 07:55
d73c45ea-001b-4743-99d2-34791a29ce2f,arrogant.mom,available,1.99,27.99,medium,low,8,namesilo,,,22/09/2026 08:39
5fb37582-2c6f-41d3-a751-2244568dd403,excision.mom,available,1.99,27.99,medium,low,8,namesilo,,,16/09/2026 16:06
282431bd-6390-4d03-a207-8f86850fc3e5,jenks.mom,available,1.99,27.99,medium,low,5,namesilo,,,30/09/2026 13:40
b151a148-9cad-4dea-9249-fef6c9d58ae1,kindly.mom,available,1.99,27.99,high,low,6,namesilo,,,24/09/2026 22:41
c1863593-0b06-46df-8f8e-597b3dd872fd,lund.mom,available,1.99,27.99,high,low,4,namesilo,,,25/09/2026 09:11
73a5b0ff-7d2f-46ce-aba3-3ac8bd09f127,imprisonment.mom,available,1.99,26.97,medium,low,12,dynadot,,,28/09/2026 22:40
eac33d86-e756-460e-9ace-50a6dc3423c1,brookings.mom,available,1.54,26.26,medium,low,9,porkbun,,,28/09/2026 16:41
2e9e4900-1eec-4fef-97fc-edcd2451651d,array.mom,available,1.99,27.99,high,low,5,namesilo,,,20/09/2026 08:50
d73f25d2-d73c-4031-999b-f799d79021d4,pasta.mom,available,1.24,26,high,low,5,spaceship,,,28/09/2026 20:26
9a5bbae5-db99-4862-9247-54641b3feb7f,harvard.mom,premium,2600,2600,high,medium,7,namecheap,,,19/09/2026 06:08
9f20c4a3-6526-466b-8da4-6acd775c8e06,monotone.mom,available,1.8,45.98,high,low,8,namecheap,,,25/08/2026 05:25
2196439d-f9cd-4bbb-a9f4-a4ce4f57c27b,evanescent.mom,available,1.8,45.98,medium,low,10,namecheap,,,17/08/2026 14:37
6cc7f5a3-7b1b-4d79-a158-14fc21f48c93,width.mom,available,1.99,27.99,high,low,5,namesilo,,,30/09/2026 03:06
c3a852b1-914e-40a4-a98a-3fb857f352fc,osborn.mom,available,1.99,27.99,high,low,6,namesilo,,,27/09/2026 07:58
d1121d9a-0622-44e2-9d0f-04a73d34456b,wilhelm.mom,available,1.8,45.98,high,low,7,namecheap,,,25/09/2026 18:53
4d9426d3-ea93-48ca-b489-fd0cbaffdd0e,mongol.mom,available,1.8,45.98,high,low,6,namecheap,,,25/08/2026 04:45
20af7eb3-6a6a-4ed0-86fc-aa224738bf17,wintertime.mom,available,1.99,,high,low,11,name.com,,,
801e93ed-0990-4985-866c-76ef52532ebc,exile.mom,available,1.54,26.26,high,low,5,porkbun,,,28/09/2026 18:57
0f7c2c8c-a06f-403d-8f9a-39fd2a19a6c1,soled.mom,available,1.8,45.98,medium,low,5,namecheap,,,10/09/2026 13:35
775bf1dc-f80e-4406-932c-dbe71aba21d7,pivot.mom,available,1.24,26,high,medium,5,spaceship,,,30/09/2026 06:56
66509fba-28af-4c87-861a-d6bc0f7f3b3f,diagram.mom,available,1.8,45.98,high,low,7,namecheap,,,24/09/2026 22:08
2f225d42-35b9-48e5-8d26-4d70fa336c4e,democratic.mom,available,1.99,27.99,high,low,10,namesilo,,,24/09/2026 05:46
60124343-3451-4693-a840-8e7d880b4e13,stunned.mom,available,1.99,27.99,high,low,7,namesilo,,,22/09/2026 03:44
a19774e4-f511-4fd9-a39a-30338e762715,arran.mom,available,1.8,45.98,medium,low,5,namecheap,,,01/10/2026 23:18
f611f26e-a20a-4be6-acad-ab17ee989a34,shenandoah.mom,available,1.24,26,medium,low,10,spaceship,,,27/09/2026 21:14
4c74a3d8-19f0-42b8-89a4-99bf06514ffb,standing.mom,available,1.99,26.97,high,low,8,dynadot,,,28/09/2026 00:41
02e660fa-d2d6-4e91-abb6-9e64afaf5d0f,borough.mom,available,1.99,27.99,medium,low,7,namesilo,,,01/10/2026 01:09
ca361f88-cae4-42f7-b419-afeadce23f49,amniote.mom,available,1.99,27.99,medium,low,7,namesilo,,,18/09/2026 22:28
704e8044-4c68-4368-8dad-330e6991a32d,bauble.mom,available,1.8,45.98,medium,low,6,namecheap,,,22/09/2026 16:31
527150b3-4e74-4d82-ad27-08aa2b89f4f5,lan.mom,premium,832,832,high,low,3,namesilo,,,30/09/2026 02:02
334b1a04-5a8b-4171-9361-e64ba18f64fb,shrubby.mom,available,1.8,45.98,medium,low,7,namecheap,,,18/08/2026 17:15
0c6d42c5-e5cd-4696-94fe-dcb4e22cca89,mixable.mom,available,1.8,45.98,medium,low,7,namecheap,,,25/08/2026 01:25
334a4715-5a69-426c-88f7-a3cd147ff887,kyiv.mom,available,1.24,26,high,low,4,spaceship,,,30/09/2026 13:29
efea2871-e645-4aa6-a393-1786769a5172,praetorial.mom,available,1.8,45.98,high,medium,10,namecheap,,,09/09/2026 00:59
fb952b2a-a49b-42b7-8887-b78d87a5fd80,contempt.mom,available,1.99,27.99,medium,low,8,namesilo,,,29/09/2026 11:21
e985bc90-04f0-4af6-a153-4b1cd5a0ef2c,montaigne.mom,available,1.99,26.97,high,low,9,dynadot,,,30/09/2026 18:02
e175d7a6-bd11-461b-ad33-873f4b65be5b,prosecution.mom,available,1.99,,high,low,11,name.com,,,
bf256e45-c5f6-429d-aea7-b19cca6cf25a,bacillus.mom,available,1.99,27.99,medium,low,8,namesilo,,,21/09/2026 11:42
d37016c6-1058-495c-80b8-991631f0965d,complexion.mom,available,1.99,27.99,high,low,10,namesilo,,,30/09/2026 16:45